"","SubjectID","context","phoneme_pair","max"
"1",200,"F","AA",16
"2",200,"F","Ah",4
"3",200,"F","AH",4
"4",200,"F","Aq",4
"5",200,"F","AR",4
"6",200,"F","As",4
"7",200,"F","Ax",4
"8",200,"F","Az",4
"9",200,"F","hh",16
"10",200,"F","hH",4
"11",200,"F","HH",14
"12",200,"F","hq",4
"13",200,"F","Hq",4
"14",200,"F","hR",2
"15",200,"F","HR",6
"16",200,"F","hs",4
"17",200,"F","Hs",4
"18",200,"F","hx",4
"19",200,"F","Hx",4
"20",200,"F","hz",2
"21",200,"F","Hz",6
"22",200,"F","qq",16
"23",200,"F","qR",4
"24",200,"F","qs",4
"25",200,"F","qx",4
"26",200,"F","qz",4
"27",200,"F","RR",16
"28",200,"F","Rs",4
"29",200,"F","Rx",4
"30",200,"F","Rz",4
"31",200,"F","ss",14
"32",200,"F","sx",4
"33",200,"F","sz",4
"34",200,"F","xx",16
"35",200,"F","xz",4
"36",200,"F","zz",14
"37",200,"I","AA",12
"38",200,"I","Ah",4
"39",200,"I","AH",4
"40",200,"I","Aq",4
"41",200,"I","AR",4
"42",200,"I","As",4
"43",200,"I","Ax",4
"44",200,"I","Az",4
"45",200,"I","hh",12
"46",200,"I","hH",4
"47",200,"I","HH",14
"48",200,"I","hq",2
"49",200,"I","Hq",6
"50",200,"I","hR",4
"51",200,"I","HR",4
"52",200,"I","hs",4
"53",200,"I","Hs",4
"54",200,"I","hx",4
"55",200,"I","Hx",4
"56",200,"I","hz",2
"57",200,"I","Hz",6
"58",200,"I","qq",12
"59",200,"I","qR",4
"60",200,"I","qs",4
"61",200,"I","qx",4
"62",200,"I","qz",4
"63",200,"I","RR",12
"64",200,"I","Rs",4
"65",200,"I","Rx",4
"66",200,"I","Rz",4
"67",200,"I","ss",14
"68",200,"I","sx",4
"69",200,"I","sz",4
"70",200,"I","xx",12
"71",200,"I","xz",4
"72",200,"I","zz",14
"73",200,"M","AA",14
"74",200,"M","Ah",4
"75",200,"M","AH",4
"76",200,"M","Aq",4
"77",200,"M","AR",4
"78",200,"M","As",4
"79",200,"M","Ax",4
"80",200,"M","Az",4
"81",200,"M","hh",14
"82",200,"M","hH",4
"83",200,"M","HH",14
"84",200,"M","hq",2
"85",200,"M","Hq",6
"86",200,"M","hR",4
"87",200,"M","HR",4
"88",200,"M","hs",4
"89",200,"M","Hs",4
"90",200,"M","hx",4
"91",200,"M","Hx",4
"92",200,"M","hz",2
"93",200,"M","Hz",6
"94",200,"M","qq",14
"95",200,"M","qR",4
"96",200,"M","qs",4
"97",200,"M","qx",4
"98",200,"M","qz",4
"99",200,"M","RR",14
"100",200,"M","Rs",4
"101",200,"M","Rx",4
"102",200,"M","Rz",4
"103",200,"M","ss",14
"104",200,"M","sx",4
"105",200,"M","sz",4
"106",200,"M","xx",14
"107",200,"M","xz",4
"108",200,"M","zz",14
"109",201,"F","AA",16
"110",201,"F","Ah",4
"111",201,"F","AH",4
"112",201,"F","Aq",4
"113",201,"F","AR",4
"114",201,"F","As",4
"115",201,"F","Ax",4
"116",201,"F","Az",4
"117",201,"F","hh",16
"118",201,"F","hH",4
"119",201,"F","HH",14
"120",201,"F","hq",4
"121",201,"F","Hq",4
"122",201,"F","hR",2
"123",201,"F","HR",6
"124",201,"F","hs",4
"125",201,"F","Hs",4
"126",201,"F","hx",4
"127",201,"F","Hx",4
"128",201,"F","hz",2
"129",201,"F","Hz",6
"130",201,"F","qq",16
"131",201,"F","qR",4
"132",201,"F","qs",4
"133",201,"F","qx",4
"134",201,"F","qz",4
"135",201,"F","RR",16
"136",201,"F","Rs",4
"137",201,"F","Rx",4
"138",201,"F","Rz",4
"139",201,"F","ss",14
"140",201,"F","sx",4
"141",201,"F","sz",4
"142",201,"F","xx",16
"143",201,"F","xz",4
"144",201,"F","zz",14
"145",201,"I","AA",12
"146",201,"I","Ah",4
"147",201,"I","AH",4
"148",201,"I","Aq",4
"149",201,"I","AR",4
"150",201,"I","As",4
"151",201,"I","Ax",4
"152",201,"I","Az",4
"153",201,"I","hh",12
"154",201,"I","hH",4
"155",201,"I","HH",14
"156",201,"I","hq",2
"157",201,"I","Hq",6
"158",201,"I","hR",4
"159",201,"I","HR",4
"160",201,"I","hs",4
"161",201,"I","Hs",4
"162",201,"I","hx",4
"163",201,"I","Hx",4
"164",201,"I","hz",2
"165",201,"I","Hz",6
"166",201,"I","qq",12
"167",201,"I","qR",4
"168",201,"I","qs",4
"169",201,"I","qx",4
"170",201,"I","qz",4
"171",201,"I","RR",12
"172",201,"I","Rs",4
"173",201,"I","Rx",4
"174",201,"I","Rz",4
"175",201,"I","ss",14
"176",201,"I","sx",4
"177",201,"I","sz",4
"178",201,"I","xx",12
"179",201,"I","xz",4
"180",201,"I","zz",14
"181",201,"M","AA",14
"182",201,"M","Ah",4
"183",201,"M","AH",4
"184",201,"M","Aq",4
"185",201,"M","AR",4
"186",201,"M","As",4
"187",201,"M","Ax",4
"188",201,"M","Az",4
"189",201,"M","hh",14
"190",201,"M","hH",4
"191",201,"M","HH",14
"192",201,"M","hq",2
"193",201,"M","Hq",6
"194",201,"M","hR",4
"195",201,"M","HR",4
"196",201,"M","hs",4
"197",201,"M","Hs",4
"198",201,"M","hx",4
"199",201,"M","Hx",4
"200",201,"M","hz",2
"201",201,"M","Hz",6
"202",201,"M","qq",14
"203",201,"M","qR",4
"204",201,"M","qs",4
"205",201,"M","qx",4
"206",201,"M","qz",4
"207",201,"M","RR",14
"208",201,"M","Rs",4
"209",201,"M","Rx",4
"210",201,"M","Rz",4
"211",201,"M","ss",14
"212",201,"M","sx",4
"213",201,"M","sz",4
"214",201,"M","xx",14
"215",201,"M","xz",4
"216",201,"M","zz",14
"217",202,"F","AA",16
"218",202,"F","Ah",4
"219",202,"F","AH",4
"220",202,"F","Aq",4
"221",202,"F","AR",4
"222",202,"F","As",4
"223",202,"F","Ax",4
"224",202,"F","Az",4
"225",202,"F","hh",16
"226",202,"F","hH",4
"227",202,"F","HH",14
"228",202,"F","hq",4
"229",202,"F","Hq",4
"230",202,"F","hR",2
"231",202,"F","HR",6
"232",202,"F","hs",4
"233",202,"F","Hs",4
"234",202,"F","hx",4
"235",202,"F","Hx",4
"236",202,"F","hz",2
"237",202,"F","Hz",6
"238",202,"F","qq",16
"239",202,"F","qR",4
"240",202,"F","qs",4
"241",202,"F","qx",4
"242",202,"F","qz",4
"243",202,"F","RR",16
"244",202,"F","Rs",4
"245",202,"F","Rx",4
"246",202,"F","Rz",4
"247",202,"F","ss",14
"248",202,"F","sx",4
"249",202,"F","sz",4
"250",202,"F","xx",16
"251",202,"F","xz",4
"252",202,"F","zz",14
"253",202,"I","AA",12
"254",202,"I","Ah",4
"255",202,"I","AH",4
"256",202,"I","Aq",4
"257",202,"I","AR",4
"258",202,"I","As",4
"259",202,"I","Ax",4
"260",202,"I","Az",4
"261",202,"I","hh",12
"262",202,"I","hH",4
"263",202,"I","HH",14
"264",202,"I","hq",2
"265",202,"I","Hq",6
"266",202,"I","hR",4
"267",202,"I","HR",4
"268",202,"I","hs",4
"269",202,"I","Hs",4
"270",202,"I","hx",4
"271",202,"I","Hx",4
"272",202,"I","hz",2
"273",202,"I","Hz",6
"274",202,"I","qq",12
"275",202,"I","qR",4
"276",202,"I","qs",4
"277",202,"I","qx",4
"278",202,"I","qz",4
"279",202,"I","RR",12
"280",202,"I","Rs",4
"281",202,"I","Rx",4
"282",202,"I","Rz",4
"283",202,"I","ss",14
"284",202,"I","sx",4
"285",202,"I","sz",4
"286",202,"I","xx",12
"287",202,"I","xz",4
"288",202,"I","zz",14
"289",202,"M","AA",14
"290",202,"M","Ah",4
"291",202,"M","AH",4
"292",202,"M","Aq",4
"293",202,"M","AR",4
"294",202,"M","As",4
"295",202,"M","Ax",4
"296",202,"M","Az",4
"297",202,"M","hh",14
"298",202,"M","hH",4
"299",202,"M","HH",14
"300",202,"M","hq",2
"301",202,"M","Hq",6
"302",202,"M","hR",4
"303",202,"M","HR",4
"304",202,"M","hs",4
"305",202,"M","Hs",4
"306",202,"M","hx",4
"307",202,"M","Hx",4
"308",202,"M","hz",2
"309",202,"M","Hz",6
"310",202,"M","qq",14
"311",202,"M","qR",4
"312",202,"M","qs",4
"313",202,"M","qx",4
"314",202,"M","qz",4
"315",202,"M","RR",14
"316",202,"M","Rs",4
"317",202,"M","Rx",4
"318",202,"M","Rz",4
"319",202,"M","ss",14
"320",202,"M","sx",4
"321",202,"M","sz",4
"322",202,"M","xx",14
"323",202,"M","xz",4
"324",202,"M","zz",14
"325",203,"F","AA",16
"326",203,"F","Ah",4
"327",203,"F","AH",4
"328",203,"F","Aq",4
"329",203,"F","AR",4
"330",203,"F","As",4
"331",203,"F","Ax",4
"332",203,"F","Az",4
"333",203,"F","hh",16
"334",203,"F","hH",4
"335",203,"F","HH",14
"336",203,"F","hq",4
"337",203,"F","Hq",4
"338",203,"F","hR",2
"339",203,"F","HR",6
"340",203,"F","hs",4
"341",203,"F","Hs",4
"342",203,"F","hx",4
"343",203,"F","Hx",4
"344",203,"F","hz",2
"345",203,"F","Hz",6
"346",203,"F","qq",16
"347",203,"F","qR",4
"348",203,"F","qs",4
"349",203,"F","qx",4
"350",203,"F","qz",4
"351",203,"F","RR",16
"352",203,"F","Rs",4
"353",203,"F","Rx",4
"354",203,"F","Rz",4
"355",203,"F","ss",14
"356",203,"F","sx",4
"357",203,"F","sz",4
"358",203,"F","xx",16
"359",203,"F","xz",4
"360",203,"F","zz",14
"361",203,"I","AA",12
"362",203,"I","Ah",4
"363",203,"I","AH",4
"364",203,"I","Aq",4
"365",203,"I","AR",4
"366",203,"I","As",4
"367",203,"I","Ax",4
"368",203,"I","Az",4
"369",203,"I","hh",12
"370",203,"I","hH",4
"371",203,"I","HH",14
"372",203,"I","hq",2
"373",203,"I","Hq",6
"374",203,"I","hR",4
"375",203,"I","HR",4
"376",203,"I","hs",4
"377",203,"I","Hs",4
"378",203,"I","hx",4
"379",203,"I","Hx",4
"380",203,"I","hz",2
"381",203,"I","Hz",6
"382",203,"I","qq",12
"383",203,"I","qR",4
"384",203,"I","qs",4
"385",203,"I","qx",4
"386",203,"I","qz",4
"387",203,"I","RR",12
"388",203,"I","Rs",4
"389",203,"I","Rx",4
"390",203,"I","Rz",4
"391",203,"I","ss",14
"392",203,"I","sx",4
"393",203,"I","sz",4
"394",203,"I","xx",12
"395",203,"I","xz",4
"396",203,"I","zz",14
"397",203,"M","AA",14
"398",203,"M","Ah",4
"399",203,"M","AH",4
"400",203,"M","Aq",4
"401",203,"M","AR",4
"402",203,"M","As",4
"403",203,"M","Ax",4
"404",203,"M","Az",4
"405",203,"M","hh",14
"406",203,"M","hH",4
"407",203,"M","HH",14
"408",203,"M","hq",2
"409",203,"M","Hq",6
"410",203,"M","hR",4
"411",203,"M","HR",4
"412",203,"M","hs",4
"413",203,"M","Hs",4
"414",203,"M","hx",4
"415",203,"M","Hx",4
"416",203,"M","hz",2
"417",203,"M","Hz",6
"418",203,"M","qq",14
"419",203,"M","qR",4
"420",203,"M","qs",4
"421",203,"M","qx",4
"422",203,"M","qz",4
"423",203,"M","RR",14
"424",203,"M","Rs",4
"425",203,"M","Rx",4
"426",203,"M","Rz",4
"427",203,"M","ss",14
"428",203,"M","sx",4
"429",203,"M","sz",4
"430",203,"M","xx",14
"431",203,"M","xz",4
"432",203,"M","zz",14
"433",204,"F","AA",16
"434",204,"F","Ah",4
"435",204,"F","AH",4
"436",204,"F","Aq",4
"437",204,"F","AR",4
"438",204,"F","As",4
"439",204,"F","Ax",4
"440",204,"F","Az",4
"441",204,"F","hh",16
"442",204,"F","hH",4
"443",204,"F","HH",14
"444",204,"F","hq",4
"445",204,"F","Hq",4
"446",204,"F","hR",2
"447",204,"F","HR",6
"448",204,"F","hs",4
"449",204,"F","Hs",4
"450",204,"F","hx",4
"451",204,"F","Hx",4
"452",204,"F","hz",2
"453",204,"F","Hz",6
"454",204,"F","qq",16
"455",204,"F","qR",4
"456",204,"F","qs",4
"457",204,"F","qx",4
"458",204,"F","qz",4
"459",204,"F","RR",16
"460",204,"F","Rs",4
"461",204,"F","Rx",4
"462",204,"F","Rz",4
"463",204,"F","ss",14
"464",204,"F","sx",4
"465",204,"F","sz",4
"466",204,"F","xx",16
"467",204,"F","xz",4
"468",204,"F","zz",14
"469",204,"I","AA",12
"470",204,"I","Ah",4
"471",204,"I","AH",4
"472",204,"I","Aq",4
"473",204,"I","AR",4
"474",204,"I","As",4
"475",204,"I","Ax",4
"476",204,"I","Az",4
"477",204,"I","hh",12
"478",204,"I","hH",4
"479",204,"I","HH",14
"480",204,"I","hq",2
"481",204,"I","Hq",6
"482",204,"I","hR",4
"483",204,"I","HR",4
"484",204,"I","hs",4
"485",204,"I","Hs",4
"486",204,"I","hx",4
"487",204,"I","Hx",4
"488",204,"I","hz",2
"489",204,"I","Hz",6
"490",204,"I","qq",12
"491",204,"I","qR",4
"492",204,"I","qs",4
"493",204,"I","qx",4
"494",204,"I","qz",4
"495",204,"I","RR",12
"496",204,"I","Rs",4
"497",204,"I","Rx",4
"498",204,"I","Rz",4
"499",204,"I","ss",14
"500",204,"I","sx",4
"501",204,"I","sz",4
"502",204,"I","xx",12
"503",204,"I","xz",4
"504",204,"I","zz",14
"505",204,"M","AA",14
"506",204,"M","Ah",4
"507",204,"M","AH",4
"508",204,"M","Aq",4
"509",204,"M","AR",4
"510",204,"M","As",4
"511",204,"M","Ax",4
"512",204,"M","Az",4
"513",204,"M","hh",14
"514",204,"M","hH",4
"515",204,"M","HH",14
"516",204,"M","hq",2
"517",204,"M","Hq",6
"518",204,"M","hR",4
"519",204,"M","HR",4
"520",204,"M","hs",4
"521",204,"M","Hs",4
"522",204,"M","hx",4
"523",204,"M","Hx",4
"524",204,"M","hz",2
"525",204,"M","Hz",6
"526",204,"M","qq",14
"527",204,"M","qR",4
"528",204,"M","qs",4
"529",204,"M","qx",4
"530",204,"M","qz",4
"531",204,"M","RR",14
"532",204,"M","Rs",4
"533",204,"M","Rx",4
"534",204,"M","Rz",4
"535",204,"M","ss",14
"536",204,"M","sx",4
"537",204,"M","sz",4
"538",204,"M","xx",14
"539",204,"M","xz",4
"540",204,"M","zz",14
"541",205,"F","AA",16
"542",205,"F","Ah",4
"543",205,"F","AH",4
"544",205,"F","Aq",4
"545",205,"F","AR",4
"546",205,"F","As",4
"547",205,"F","Ax",4
"548",205,"F","Az",4
"549",205,"F","hh",16
"550",205,"F","hH",4
"551",205,"F","HH",14
"552",205,"F","hq",4
"553",205,"F","Hq",4
"554",205,"F","hR",2
"555",205,"F","HR",6
"556",205,"F","hs",4
"557",205,"F","Hs",4
"558",205,"F","hx",4
"559",205,"F","Hx",4
"560",205,"F","hz",2
"561",205,"F","Hz",6
"562",205,"F","qq",16
"563",205,"F","qR",4
"564",205,"F","qs",4
"565",205,"F","qx",4
"566",205,"F","qz",4
"567",205,"F","RR",16
"568",205,"F","Rs",4
"569",205,"F","Rx",4
"570",205,"F","Rz",4
"571",205,"F","ss",14
"572",205,"F","sx",4
"573",205,"F","sz",4
"574",205,"F","xx",16
"575",205,"F","xz",4
"576",205,"F","zz",14
"577",205,"I","AA",12
"578",205,"I","Ah",4
"579",205,"I","AH",4
"580",205,"I","Aq",4
"581",205,"I","AR",4
"582",205,"I","As",4
"583",205,"I","Ax",4
"584",205,"I","Az",4
"585",205,"I","hh",12
"586",205,"I","hH",4
"587",205,"I","HH",14
"588",205,"I","hq",2
"589",205,"I","Hq",6
"590",205,"I","hR",4
"591",205,"I","HR",4
"592",205,"I","hs",4
"593",205,"I","Hs",4
"594",205,"I","hx",4
"595",205,"I","Hx",4
"596",205,"I","hz",2
"597",205,"I","Hz",6
"598",205,"I","qq",12
"599",205,"I","qR",4
"600",205,"I","qs",4
"601",205,"I","qx",4
"602",205,"I","qz",4
"603",205,"I","RR",12
"604",205,"I","Rs",4
"605",205,"I","Rx",4
"606",205,"I","Rz",4
"607",205,"I","ss",14
"608",205,"I","sx",4
"609",205,"I","sz",4
"610",205,"I","xx",12
"611",205,"I","xz",4
"612",205,"I","zz",14
"613",205,"M","AA",14
"614",205,"M","Ah",4
"615",205,"M","AH",4
"616",205,"M","Aq",4
"617",205,"M","AR",4
"618",205,"M","As",4
"619",205,"M","Ax",4
"620",205,"M","Az",4
"621",205,"M","hh",14
"622",205,"M","hH",4
"623",205,"M","HH",14
"624",205,"M","hq",2
"625",205,"M","Hq",6
"626",205,"M","hR",4
"627",205,"M","HR",4
"628",205,"M","hs",4
"629",205,"M","Hs",4
"630",205,"M","hx",4
"631",205,"M","Hx",4
"632",205,"M","hz",2
"633",205,"M","Hz",6
"634",205,"M","qq",14
"635",205,"M","qR",4
"636",205,"M","qs",4
"637",205,"M","qx",4
"638",205,"M","qz",4
"639",205,"M","RR",14
"640",205,"M","Rs",4
"641",205,"M","Rx",4
"642",205,"M","Rz",4
"643",205,"M","ss",14
"644",205,"M","sx",4
"645",205,"M","sz",4
"646",205,"M","xx",14
"647",205,"M","xz",4
"648",205,"M","zz",14
"649",206,"F","AA",16
"650",206,"F","Ah",4
"651",206,"F","AH",4
"652",206,"F","Aq",4
"653",206,"F","AR",4
"654",206,"F","As",4
"655",206,"F","Ax",4
"656",206,"F","Az",4
"657",206,"F","hh",16
"658",206,"F","hH",4
"659",206,"F","HH",14
"660",206,"F","hq",4
"661",206,"F","Hq",4
"662",206,"F","hR",2
"663",206,"F","HR",6
"664",206,"F","hs",4
"665",206,"F","Hs",4
"666",206,"F","hx",4
"667",206,"F","Hx",4
"668",206,"F","hz",2
"669",206,"F","Hz",6
"670",206,"F","qq",16
"671",206,"F","qR",4
"672",206,"F","qs",4
"673",206,"F","qx",4
"674",206,"F","qz",4
"675",206,"F","RR",16
"676",206,"F","Rs",4
"677",206,"F","Rx",4
"678",206,"F","Rz",4
"679",206,"F","ss",14
"680",206,"F","sx",4
"681",206,"F","sz",4
"682",206,"F","xx",16
"683",206,"F","xz",4
"684",206,"F","zz",14
"685",206,"I","AA",12
"686",206,"I","Ah",4
"687",206,"I","AH",4
"688",206,"I","Aq",4
"689",206,"I","AR",4
"690",206,"I","As",4
"691",206,"I","Ax",4
"692",206,"I","Az",4
"693",206,"I","hh",12
"694",206,"I","hH",4
"695",206,"I","HH",14
"696",206,"I","hq",2
"697",206,"I","Hq",6
"698",206,"I","hR",4
"699",206,"I","HR",4
"700",206,"I","hs",4
"701",206,"I","Hs",4
"702",206,"I","hx",4
"703",206,"I","Hx",4
"704",206,"I","hz",2
"705",206,"I","Hz",6
"706",206,"I","qq",12
"707",206,"I","qR",4
"708",206,"I","qs",4
"709",206,"I","qx",4
"710",206,"I","qz",4
"711",206,"I","RR",12
"712",206,"I","Rs",4
"713",206,"I","Rx",4
"714",206,"I","Rz",4
"715",206,"I","ss",14
"716",206,"I","sx",4
"717",206,"I","sz",4
"718",206,"I","xx",12
"719",206,"I","xz",4
"720",206,"I","zz",14
"721",206,"M","AA",14
"722",206,"M","Ah",4
"723",206,"M","AH",4
"724",206,"M","Aq",4
"725",206,"M","AR",4
"726",206,"M","As",4
"727",206,"M","Ax",4
"728",206,"M","Az",4
"729",206,"M","hh",14
"730",206,"M","hH",4
"731",206,"M","HH",14
"732",206,"M","hq",2
"733",206,"M","Hq",6
"734",206,"M","hR",4
"735",206,"M","HR",4
"736",206,"M","hs",4
"737",206,"M","Hs",4
"738",206,"M","hx",4
"739",206,"M","Hx",4
"740",206,"M","hz",2
"741",206,"M","Hz",6
"742",206,"M","qq",14
"743",206,"M","qR",4
"744",206,"M","qs",4
"745",206,"M","qx",4
"746",206,"M","qz",4
"747",206,"M","RR",14
"748",206,"M","Rs",4
"749",206,"M","Rx",4
"750",206,"M","Rz",4
"751",206,"M","ss",14
"752",206,"M","sx",4
"753",206,"M","sz",4
"754",206,"M","xx",14
"755",206,"M","xz",4
"756",206,"M","zz",14
"757",207,"F","AA",16
"758",207,"F","Ah",4
"759",207,"F","AH",4
"760",207,"F","Aq",4
"761",207,"F","AR",4
"762",207,"F","As",4
"763",207,"F","Ax",4
"764",207,"F","Az",4
"765",207,"F","hh",16
"766",207,"F","hH",4
"767",207,"F","HH",14
"768",207,"F","hq",4
"769",207,"F","Hq",4
"770",207,"F","hR",2
"771",207,"F","HR",6
"772",207,"F","hs",4
"773",207,"F","Hs",4
"774",207,"F","hx",4
"775",207,"F","Hx",4
"776",207,"F","hz",2
"777",207,"F","Hz",6
"778",207,"F","qq",16
"779",207,"F","qR",4
"780",207,"F","qs",4
"781",207,"F","qx",4
"782",207,"F","qz",4
"783",207,"F","RR",16
"784",207,"F","Rs",4
"785",207,"F","Rx",4
"786",207,"F","Rz",4
"787",207,"F","ss",14
"788",207,"F","sx",4
"789",207,"F","sz",4
"790",207,"F","xx",16
"791",207,"F","xz",4
"792",207,"F","zz",14
"793",207,"I","AA",12
"794",207,"I","Ah",4
"795",207,"I","AH",4
"796",207,"I","Aq",4
"797",207,"I","AR",4
"798",207,"I","As",4
"799",207,"I","Ax",4
"800",207,"I","Az",4
"801",207,"I","hh",12
"802",207,"I","hH",4
"803",207,"I","HH",14
"804",207,"I","hq",2
"805",207,"I","Hq",6
"806",207,"I","hR",4
"807",207,"I","HR",4
"808",207,"I","hs",4
"809",207,"I","Hs",4
"810",207,"I","hx",4
"811",207,"I","Hx",4
"812",207,"I","hz",2
"813",207,"I","Hz",6
"814",207,"I","qq",12
"815",207,"I","qR",4
"816",207,"I","qs",4
"817",207,"I","qx",4
"818",207,"I","qz",4
"819",207,"I","RR",12
"820",207,"I","Rs",4
"821",207,"I","Rx",4
"822",207,"I","Rz",4
"823",207,"I","ss",14
"824",207,"I","sx",4
"825",207,"I","sz",4
"826",207,"I","xx",12
"827",207,"I","xz",4
"828",207,"I","zz",14
"829",207,"M","AA",14
"830",207,"M","Ah",4
"831",207,"M","AH",4
"832",207,"M","Aq",4
"833",207,"M","AR",4
"834",207,"M","As",4
"835",207,"M","Ax",4
"836",207,"M","Az",4
"837",207,"M","hh",14
"838",207,"M","hH",4
"839",207,"M","HH",14
"840",207,"M","hq",2
"841",207,"M","Hq",6
"842",207,"M","hR",4
"843",207,"M","HR",4
"844",207,"M","hs",4
"845",207,"M","Hs",4
"846",207,"M","hx",4
"847",207,"M","Hx",4
"848",207,"M","hz",2
"849",207,"M","Hz",6
"850",207,"M","qq",14
"851",207,"M","qR",4
"852",207,"M","qs",4
"853",207,"M","qx",4
"854",207,"M","qz",4
"855",207,"M","RR",14
"856",207,"M","Rs",4
"857",207,"M","Rx",4
"858",207,"M","Rz",4
"859",207,"M","ss",14
"860",207,"M","sx",4
"861",207,"M","sz",4
"862",207,"M","xx",14
"863",207,"M","xz",4
"864",207,"M","zz",14
"865",208,"F","AA",16
"866",208,"F","Ah",4
"867",208,"F","AH",4
"868",208,"F","Aq",4
"869",208,"F","AR",4
"870",208,"F","As",4
"871",208,"F","Ax",4
"872",208,"F","Az",4
"873",208,"F","hh",16
"874",208,"F","hH",4
"875",208,"F","HH",14
"876",208,"F","hq",4
"877",208,"F","Hq",4
"878",208,"F","hR",2
"879",208,"F","HR",6
"880",208,"F","hs",4
"881",208,"F","Hs",4
"882",208,"F","hx",4
"883",208,"F","Hx",4
"884",208,"F","hz",2
"885",208,"F","Hz",6
"886",208,"F","qq",16
"887",208,"F","qR",4
"888",208,"F","qs",4
"889",208,"F","qx",4
"890",208,"F","qz",4
"891",208,"F","RR",16
"892",208,"F","Rs",4
"893",208,"F","Rx",4
"894",208,"F","Rz",4
"895",208,"F","ss",14
"896",208,"F","sx",4
"897",208,"F","sz",4
"898",208,"F","xx",16
"899",208,"F","xz",4
"900",208,"F","zz",14
"901",208,"I","AA",12
"902",208,"I","Ah",4
"903",208,"I","AH",4
"904",208,"I","Aq",4
"905",208,"I","AR",4
"906",208,"I","As",4
"907",208,"I","Ax",4
"908",208,"I","Az",4
"909",208,"I","hh",12
"910",208,"I","hH",4
"911",208,"I","HH",14
"912",208,"I","hq",2
"913",208,"I","Hq",6
"914",208,"I","hR",4
"915",208,"I","HR",4
"916",208,"I","hs",4
"917",208,"I","Hs",4
"918",208,"I","hx",4
"919",208,"I","Hx",4
"920",208,"I","hz",2
"921",208,"I","Hz",6
"922",208,"I","qq",12
"923",208,"I","qR",4
"924",208,"I","qs",4
"925",208,"I","qx",4
"926",208,"I","qz",4
"927",208,"I","RR",12
"928",208,"I","Rs",4
"929",208,"I","Rx",4
"930",208,"I","Rz",4
"931",208,"I","ss",14
"932",208,"I","sx",4
"933",208,"I","sz",4
"934",208,"I","xx",12
"935",208,"I","xz",4
"936",208,"I","zz",14
"937",208,"M","AA",14
"938",208,"M","Ah",4
"939",208,"M","AH",4
"940",208,"M","Aq",4
"941",208,"M","AR",4
"942",208,"M","As",4
"943",208,"M","Ax",4
"944",208,"M","Az",4
"945",208,"M","hh",14
"946",208,"M","hH",4
"947",208,"M","HH",14
"948",208,"M","hq",2
"949",208,"M","Hq",6
"950",208,"M","hR",4
"951",208,"M","HR",4
"952",208,"M","hs",4
"953",208,"M","Hs",4
"954",208,"M","hx",4
"955",208,"M","Hx",4
"956",208,"M","hz",2
"957",208,"M","Hz",6
"958",208,"M","qq",14
"959",208,"M","qR",4
"960",208,"M","qs",4
"961",208,"M","qx",4
"962",208,"M","qz",4
"963",208,"M","RR",14
"964",208,"M","Rs",4
"965",208,"M","Rx",4
"966",208,"M","Rz",4
"967",208,"M","ss",14
"968",208,"M","sx",4
"969",208,"M","sz",4
"970",208,"M","xx",14
"971",208,"M","xz",4
"972",208,"M","zz",14
"973",209,"F","AA",16
"974",209,"F","Ah",4
"975",209,"F","AH",4
"976",209,"F","Aq",4
"977",209,"F","AR",4
"978",209,"F","As",4
"979",209,"F","Ax",4
"980",209,"F","Az",4
"981",209,"F","hh",16
"982",209,"F","hH",4
"983",209,"F","HH",14
"984",209,"F","hq",4
"985",209,"F","Hq",4
"986",209,"F","hR",2
"987",209,"F","HR",6
"988",209,"F","hs",4
"989",209,"F","Hs",4
"990",209,"F","hx",4
"991",209,"F","Hx",4
"992",209,"F","hz",2
"993",209,"F","Hz",6
"994",209,"F","qq",16
"995",209,"F","qR",4
"996",209,"F","qs",4
"997",209,"F","qx",4
"998",209,"F","qz",4
"999",209,"F","RR",16
"1000",209,"F","Rs",4
"1001",209,"F","Rx",4
"1002",209,"F","Rz",4
"1003",209,"F","ss",14
"1004",209,"F","sx",4
"1005",209,"F","sz",4
"1006",209,"F","xx",16
"1007",209,"F","xz",4
"1008",209,"F","zz",14
"1009",209,"I","AA",12
"1010",209,"I","Ah",4
"1011",209,"I","AH",4
"1012",209,"I","Aq",4
"1013",209,"I","AR",4
"1014",209,"I","As",4
"1015",209,"I","Ax",4
"1016",209,"I","Az",4
"1017",209,"I","hh",12
"1018",209,"I","hH",4
"1019",209,"I","HH",14
"1020",209,"I","hq",2
"1021",209,"I","Hq",6
"1022",209,"I","hR",4
"1023",209,"I","HR",4
"1024",209,"I","hs",4
"1025",209,"I","Hs",4
"1026",209,"I","hx",4
"1027",209,"I","Hx",4
"1028",209,"I","hz",2
"1029",209,"I","Hz",6
"1030",209,"I","qq",12
"1031",209,"I","qR",4
"1032",209,"I","qs",4
"1033",209,"I","qx",4
"1034",209,"I","qz",4
"1035",209,"I","RR",12
"1036",209,"I","Rs",4
"1037",209,"I","Rx",4
"1038",209,"I","Rz",4
"1039",209,"I","ss",14
"1040",209,"I","sx",4
"1041",209,"I","sz",4
"1042",209,"I","xx",12
"1043",209,"I","xz",4
"1044",209,"I","zz",14
"1045",209,"M","AA",14
"1046",209,"M","Ah",4
"1047",209,"M","AH",4
"1048",209,"M","Aq",4
"1049",209,"M","AR",4
"1050",209,"M","As",4
"1051",209,"M","Ax",4
"1052",209,"M","Az",4
"1053",209,"M","hh",14
"1054",209,"M","hH",4
"1055",209,"M","HH",14
"1056",209,"M","hq",2
"1057",209,"M","Hq",6
"1058",209,"M","hR",4
"1059",209,"M","HR",4
"1060",209,"M","hs",4
"1061",209,"M","Hs",4
"1062",209,"M","hx",4
"1063",209,"M","Hx",4
"1064",209,"M","hz",2
"1065",209,"M","Hz",6
"1066",209,"M","qq",14
"1067",209,"M","qR",4
"1068",209,"M","qs",4
"1069",209,"M","qx",4
"1070",209,"M","qz",4
"1071",209,"M","RR",14
"1072",209,"M","Rs",4
"1073",209,"M","Rx",4
"1074",209,"M","Rz",4
"1075",209,"M","ss",14
"1076",209,"M","sx",4
"1077",209,"M","sz",4
"1078",209,"M","xx",14
"1079",209,"M","xz",4
"1080",209,"M","zz",14
"1081",210,"F","AA",16
"1082",210,"F","Ah",4
"1083",210,"F","AH",4
"1084",210,"F","Aq",4
"1085",210,"F","AR",4
"1086",210,"F","As",4
"1087",210,"F","Ax",4
"1088",210,"F","Az",4
"1089",210,"F","hh",16
"1090",210,"F","hH",4
"1091",210,"F","HH",14
"1092",210,"F","hq",4
"1093",210,"F","Hq",4
"1094",210,"F","hR",2
"1095",210,"F","HR",6
"1096",210,"F","hs",4
"1097",210,"F","Hs",4
"1098",210,"F","hx",4
"1099",210,"F","Hx",4
"1100",210,"F","hz",2
"1101",210,"F","Hz",6
"1102",210,"F","qq",16
"1103",210,"F","qR",4
"1104",210,"F","qs",4
"1105",210,"F","qx",4
"1106",210,"F","qz",4
"1107",210,"F","RR",16
"1108",210,"F","Rs",4
"1109",210,"F","Rx",4
"1110",210,"F","Rz",4
"1111",210,"F","ss",14
"1112",210,"F","sx",4
"1113",210,"F","sz",4
"1114",210,"F","xx",16
"1115",210,"F","xz",4
"1116",210,"F","zz",14
"1117",210,"I","AA",12
"1118",210,"I","Ah",4
"1119",210,"I","AH",4
"1120",210,"I","Aq",4
"1121",210,"I","AR",4
"1122",210,"I","As",4
"1123",210,"I","Ax",4
"1124",210,"I","Az",4
"1125",210,"I","hh",12
"1126",210,"I","hH",4
"1127",210,"I","HH",14
"1128",210,"I","hq",2
"1129",210,"I","Hq",6
"1130",210,"I","hR",4
"1131",210,"I","HR",4
"1132",210,"I","hs",4
"1133",210,"I","Hs",4
"1134",210,"I","hx",4
"1135",210,"I","Hx",4
"1136",210,"I","hz",2
"1137",210,"I","Hz",6
"1138",210,"I","qq",12
"1139",210,"I","qR",4
"1140",210,"I","qs",4
"1141",210,"I","qx",4
"1142",210,"I","qz",4
"1143",210,"I","RR",12
"1144",210,"I","Rs",4
"1145",210,"I","Rx",4
"1146",210,"I","Rz",4
"1147",210,"I","ss",14
"1148",210,"I","sx",4
"1149",210,"I","sz",4
"1150",210,"I","xx",12
"1151",210,"I","xz",4
"1152",210,"I","zz",14
"1153",210,"M","AA",14
"1154",210,"M","Ah",4
"1155",210,"M","AH",4
"1156",210,"M","Aq",4
"1157",210,"M","AR",4
"1158",210,"M","As",4
"1159",210,"M","Ax",4
"1160",210,"M","Az",4
"1161",210,"M","hh",14
"1162",210,"M","hH",4
"1163",210,"M","HH",14
"1164",210,"M","hq",2
"1165",210,"M","Hq",6
"1166",210,"M","hR",4
"1167",210,"M","HR",4
"1168",210,"M","hs",4
"1169",210,"M","Hs",4
"1170",210,"M","hx",4
"1171",210,"M","Hx",4
"1172",210,"M","hz",2
"1173",210,"M","Hz",6
"1174",210,"M","qq",14
"1175",210,"M","qR",4
"1176",210,"M","qs",4
"1177",210,"M","qx",4
"1178",210,"M","qz",4
"1179",210,"M","RR",14
"1180",210,"M","Rs",4
"1181",210,"M","Rx",4
"1182",210,"M","Rz",4
"1183",210,"M","ss",14
"1184",210,"M","sx",4
"1185",210,"M","sz",4
"1186",210,"M","xx",14
"1187",210,"M","xz",4
"1188",210,"M","zz",14
"1189",211,"F","AA",16
"1190",211,"F","Ah",4
"1191",211,"F","AH",4
"1192",211,"F","Aq",4
"1193",211,"F","AR",4
"1194",211,"F","As",4
"1195",211,"F","Ax",4
"1196",211,"F","Az",4
"1197",211,"F","hh",16
"1198",211,"F","hH",4
"1199",211,"F","HH",14
"1200",211,"F","hq",4
"1201",211,"F","Hq",4
"1202",211,"F","hR",2
"1203",211,"F","HR",6
"1204",211,"F","hs",4
"1205",211,"F","Hs",4
"1206",211,"F","hx",4
"1207",211,"F","Hx",4
"1208",211,"F","hz",2
"1209",211,"F","Hz",6
"1210",211,"F","qq",16
"1211",211,"F","qR",4
"1212",211,"F","qs",4
"1213",211,"F","qx",4
"1214",211,"F","qz",4
"1215",211,"F","RR",16
"1216",211,"F","Rs",4
"1217",211,"F","Rx",4
"1218",211,"F","Rz",4
"1219",211,"F","ss",14
"1220",211,"F","sx",4
"1221",211,"F","sz",4
"1222",211,"F","xx",16
"1223",211,"F","xz",4
"1224",211,"F","zz",14
"1225",211,"I","AA",12
"1226",211,"I","Ah",4
"1227",211,"I","AH",4
"1228",211,"I","Aq",4
"1229",211,"I","AR",4
"1230",211,"I","As",4
"1231",211,"I","Ax",4
"1232",211,"I","Az",4
"1233",211,"I","hh",12
"1234",211,"I","hH",4
"1235",211,"I","HH",14
"1236",211,"I","hq",2
"1237",211,"I","Hq",6
"1238",211,"I","hR",4
"1239",211,"I","HR",4
"1240",211,"I","hs",4
"1241",211,"I","Hs",4
"1242",211,"I","hx",4
"1243",211,"I","Hx",4
"1244",211,"I","hz",2
"1245",211,"I","Hz",6
"1246",211,"I","qq",12
"1247",211,"I","qR",4
"1248",211,"I","qs",4
"1249",211,"I","qx",4
"1250",211,"I","qz",4
"1251",211,"I","RR",12
"1252",211,"I","Rs",4
"1253",211,"I","Rx",4
"1254",211,"I","Rz",4
"1255",211,"I","ss",14
"1256",211,"I","sx",4
"1257",211,"I","sz",4
"1258",211,"I","xx",12
"1259",211,"I","xz",4
"1260",211,"I","zz",14
"1261",211,"M","AA",14
"1262",211,"M","Ah",4
"1263",211,"M","AH",4
"1264",211,"M","Aq",4
"1265",211,"M","AR",4
"1266",211,"M","As",4
"1267",211,"M","Ax",4
"1268",211,"M","Az",4
"1269",211,"M","hh",14
"1270",211,"M","hH",4
"1271",211,"M","HH",14
"1272",211,"M","hq",2
"1273",211,"M","Hq",6
"1274",211,"M","hR",4
"1275",211,"M","HR",4
"1276",211,"M","hs",4
"1277",211,"M","Hs",4
"1278",211,"M","hx",4
"1279",211,"M","Hx",4
"1280",211,"M","hz",2
"1281",211,"M","Hz",6
"1282",211,"M","qq",14
"1283",211,"M","qR",4
"1284",211,"M","qs",4
"1285",211,"M","qx",4
"1286",211,"M","qz",4
"1287",211,"M","RR",14
"1288",211,"M","Rs",4
"1289",211,"M","Rx",4
"1290",211,"M","Rz",4
"1291",211,"M","ss",14
"1292",211,"M","sx",4
"1293",211,"M","sz",4
"1294",211,"M","xx",14
"1295",211,"M","xz",4
"1296",211,"M","zz",14
"1297",212,"F","AA",16
"1298",212,"F","Ah",4
"1299",212,"F","AH",4
"1300",212,"F","Aq",4
"1301",212,"F","AR",4
"1302",212,"F","As",4
"1303",212,"F","Ax",4
"1304",212,"F","Az",4
"1305",212,"F","hh",16
"1306",212,"F","hH",4
"1307",212,"F","HH",14
"1308",212,"F","hq",4
"1309",212,"F","Hq",4
"1310",212,"F","hR",2
"1311",212,"F","HR",6
"1312",212,"F","hs",4
"1313",212,"F","Hs",4
"1314",212,"F","hx",4
"1315",212,"F","Hx",4
"1316",212,"F","hz",2
"1317",212,"F","Hz",6
"1318",212,"F","qq",16
"1319",212,"F","qR",4
"1320",212,"F","qs",4
"1321",212,"F","qx",4
"1322",212,"F","qz",4
"1323",212,"F","RR",16
"1324",212,"F","Rs",4
"1325",212,"F","Rx",4
"1326",212,"F","Rz",4
"1327",212,"F","ss",14
"1328",212,"F","sx",4
"1329",212,"F","sz",4
"1330",212,"F","xx",16
"1331",212,"F","xz",4
"1332",212,"F","zz",14
"1333",212,"I","AA",12
"1334",212,"I","Ah",4
"1335",212,"I","AH",4
"1336",212,"I","Aq",4
"1337",212,"I","AR",4
"1338",212,"I","As",4
"1339",212,"I","Ax",4
"1340",212,"I","Az",4
"1341",212,"I","hh",12
"1342",212,"I","hH",4
"1343",212,"I","HH",14
"1344",212,"I","hq",2
"1345",212,"I","Hq",6
"1346",212,"I","hR",4
"1347",212,"I","HR",4
"1348",212,"I","hs",4
"1349",212,"I","Hs",4
"1350",212,"I","hx",4
"1351",212,"I","Hx",4
"1352",212,"I","hz",2
"1353",212,"I","Hz",6
"1354",212,"I","qq",12
"1355",212,"I","qR",4
"1356",212,"I","qs",4
"1357",212,"I","qx",4
"1358",212,"I","qz",4
"1359",212,"I","RR",12
"1360",212,"I","Rs",4
"1361",212,"I","Rx",4
"1362",212,"I","Rz",4
"1363",212,"I","ss",14
"1364",212,"I","sx",4
"1365",212,"I","sz",4
"1366",212,"I","xx",12
"1367",212,"I","xz",4
"1368",212,"I","zz",14
"1369",212,"M","AA",14
"1370",212,"M","Ah",4
"1371",212,"M","AH",4
"1372",212,"M","Aq",4
"1373",212,"M","AR",4
"1374",212,"M","As",4
"1375",212,"M","Ax",4
"1376",212,"M","Az",4
"1377",212,"M","hh",14
"1378",212,"M","hH",4
"1379",212,"M","HH",14
"1380",212,"M","hq",2
"1381",212,"M","Hq",6
"1382",212,"M","hR",4
"1383",212,"M","HR",4
"1384",212,"M","hs",4
"1385",212,"M","Hs",4
"1386",212,"M","hx",4
"1387",212,"M","Hx",4
"1388",212,"M","hz",2
"1389",212,"M","Hz",6
"1390",212,"M","qq",14
"1391",212,"M","qR",4
"1392",212,"M","qs",4
"1393",212,"M","qx",4
"1394",212,"M","qz",4
"1395",212,"M","RR",14
"1396",212,"M","Rs",4
"1397",212,"M","Rx",4
"1398",212,"M","Rz",4
"1399",212,"M","ss",14
"1400",212,"M","sx",4
"1401",212,"M","sz",4
"1402",212,"M","xx",14
"1403",212,"M","xz",4
"1404",212,"M","zz",14
"1405",213,"F","AA",16
"1406",213,"F","Ah",4
"1407",213,"F","AH",4
"1408",213,"F","Aq",4
"1409",213,"F","AR",4
"1410",213,"F","As",4
"1411",213,"F","Ax",4
"1412",213,"F","Az",4
"1413",213,"F","hh",16
"1414",213,"F","hH",4
"1415",213,"F","HH",14
"1416",213,"F","hq",4
"1417",213,"F","Hq",4
"1418",213,"F","hR",2
"1419",213,"F","HR",6
"1420",213,"F","hs",4
"1421",213,"F","Hs",4
"1422",213,"F","hx",4
"1423",213,"F","Hx",4
"1424",213,"F","hz",2
"1425",213,"F","Hz",6
"1426",213,"F","qq",16
"1427",213,"F","qR",4
"1428",213,"F","qs",4
"1429",213,"F","qx",4
"1430",213,"F","qz",4
"1431",213,"F","RR",16
"1432",213,"F","Rs",4
"1433",213,"F","Rx",4
"1434",213,"F","Rz",4
"1435",213,"F","ss",14
"1436",213,"F","sx",4
"1437",213,"F","sz",4
"1438",213,"F","xx",16
"1439",213,"F","xz",4
"1440",213,"F","zz",14
"1441",213,"I","AA",12
"1442",213,"I","Ah",4
"1443",213,"I","AH",4
"1444",213,"I","Aq",4
"1445",213,"I","AR",4
"1446",213,"I","As",4
"1447",213,"I","Ax",4
"1448",213,"I","Az",4
"1449",213,"I","hh",12
"1450",213,"I","hH",4
"1451",213,"I","HH",14
"1452",213,"I","hq",2
"1453",213,"I","Hq",6
"1454",213,"I","hR",4
"1455",213,"I","HR",4
"1456",213,"I","hs",4
"1457",213,"I","Hs",4
"1458",213,"I","hx",4
"1459",213,"I","Hx",4
"1460",213,"I","hz",2
"1461",213,"I","Hz",6
"1462",213,"I","qq",12
"1463",213,"I","qR",4
"1464",213,"I","qs",4
"1465",213,"I","qx",4
"1466",213,"I","qz",4
"1467",213,"I","RR",12
"1468",213,"I","Rs",4
"1469",213,"I","Rx",4
"1470",213,"I","Rz",4
"1471",213,"I","ss",14
"1472",213,"I","sx",4
"1473",213,"I","sz",4
"1474",213,"I","xx",12
"1475",213,"I","xz",4
"1476",213,"I","zz",14
"1477",213,"M","AA",14
"1478",213,"M","Ah",4
"1479",213,"M","AH",4
"1480",213,"M","Aq",4
"1481",213,"M","AR",4
"1482",213,"M","As",4
"1483",213,"M","Ax",4
"1484",213,"M","Az",4
"1485",213,"M","hh",14
"1486",213,"M","hH",4
"1487",213,"M","HH",14
"1488",213,"M","hq",2
"1489",213,"M","Hq",6
"1490",213,"M","hR",4
"1491",213,"M","HR",4
"1492",213,"M","hs",4
"1493",213,"M","Hs",4
"1494",213,"M","hx",4
"1495",213,"M","Hx",4
"1496",213,"M","hz",2
"1497",213,"M","Hz",6
"1498",213,"M","qq",14
"1499",213,"M","qR",4
"1500",213,"M","qs",4
"1501",213,"M","qx",4
"1502",213,"M","qz",4
"1503",213,"M","RR",14
"1504",213,"M","Rs",4
"1505",213,"M","Rx",4
"1506",213,"M","Rz",4
"1507",213,"M","ss",14
"1508",213,"M","sx",4
"1509",213,"M","sz",4
"1510",213,"M","xx",14
"1511",213,"M","xz",4
"1512",213,"M","zz",14
"1513",214,"F","AA",16
"1514",214,"F","Ah",4
"1515",214,"F","AH",4
"1516",214,"F","Aq",4
"1517",214,"F","AR",4
"1518",214,"F","As",4
"1519",214,"F","Ax",4
"1520",214,"F","Az",4
"1521",214,"F","hh",16
"1522",214,"F","hH",4
"1523",214,"F","HH",14
"1524",214,"F","hq",4
"1525",214,"F","Hq",4
"1526",214,"F","hR",2
"1527",214,"F","HR",6
"1528",214,"F","hs",4
"1529",214,"F","Hs",4
"1530",214,"F","hx",4
"1531",214,"F","Hx",4
"1532",214,"F","hz",2
"1533",214,"F","Hz",6
"1534",214,"F","qq",16
"1535",214,"F","qR",4
"1536",214,"F","qs",4
"1537",214,"F","qx",4
"1538",214,"F","qz",4
"1539",214,"F","RR",16
"1540",214,"F","Rs",4
"1541",214,"F","Rx",4
"1542",214,"F","Rz",4
"1543",214,"F","ss",14
"1544",214,"F","sx",4
"1545",214,"F","sz",4
"1546",214,"F","xx",16
"1547",214,"F","xz",4
"1548",214,"F","zz",14
"1549",214,"I","AA",12
"1550",214,"I","Ah",4
"1551",214,"I","AH",4
"1552",214,"I","Aq",4
"1553",214,"I","AR",4
"1554",214,"I","As",4
"1555",214,"I","Ax",4
"1556",214,"I","Az",4
"1557",214,"I","hh",12
"1558",214,"I","hH",4
"1559",214,"I","HH",14
"1560",214,"I","hq",2
"1561",214,"I","Hq",6
"1562",214,"I","hR",4
"1563",214,"I","HR",4
"1564",214,"I","hs",4
"1565",214,"I","Hs",4
"1566",214,"I","hx",4
"1567",214,"I","Hx",4
"1568",214,"I","hz",2
"1569",214,"I","Hz",6
"1570",214,"I","qq",12
"1571",214,"I","qR",4
"1572",214,"I","qs",4
"1573",214,"I","qx",4
"1574",214,"I","qz",4
"1575",214,"I","RR",12
"1576",214,"I","Rs",4
"1577",214,"I","Rx",4
"1578",214,"I","Rz",4
"1579",214,"I","ss",14
"1580",214,"I","sx",4
"1581",214,"I","sz",4
"1582",214,"I","xx",12
"1583",214,"I","xz",4
"1584",214,"I","zz",14
"1585",214,"M","AA",14
"1586",214,"M","Ah",4
"1587",214,"M","AH",4
"1588",214,"M","Aq",4
"1589",214,"M","AR",4
"1590",214,"M","As",4
"1591",214,"M","Ax",4
"1592",214,"M","Az",4
"1593",214,"M","hh",14
"1594",214,"M","hH",4
"1595",214,"M","HH",14
"1596",214,"M","hq",2
"1597",214,"M","Hq",6
"1598",214,"M","hR",4
"1599",214,"M","HR",4
"1600",214,"M","hs",4
"1601",214,"M","Hs",4
"1602",214,"M","hx",4
"1603",214,"M","Hx",4
"1604",214,"M","hz",2
"1605",214,"M","Hz",6
"1606",214,"M","qq",14
"1607",214,"M","qR",4
"1608",214,"M","qs",4
"1609",214,"M","qx",4
"1610",214,"M","qz",4
"1611",214,"M","RR",14
"1612",214,"M","Rs",4
"1613",214,"M","Rx",4
"1614",214,"M","Rz",4
"1615",214,"M","ss",14
"1616",214,"M","sx",4
"1617",214,"M","sz",4
"1618",214,"M","xx",14
"1619",214,"M","xz",4
"1620",214,"M","zz",14
"1621",215,"F","AA",16
"1622",215,"F","Ah",4
"1623",215,"F","AH",4
"1624",215,"F","Aq",4
"1625",215,"F","AR",4
"1626",215,"F","As",4
"1627",215,"F","Ax",4
"1628",215,"F","Az",4
"1629",215,"F","hh",16
"1630",215,"F","hH",4
"1631",215,"F","HH",14
"1632",215,"F","hq",4
"1633",215,"F","Hq",4
"1634",215,"F","hR",2
"1635",215,"F","HR",6
"1636",215,"F","hs",4
"1637",215,"F","Hs",4
"1638",215,"F","hx",4
"1639",215,"F","Hx",4
"1640",215,"F","hz",2
"1641",215,"F","Hz",6
"1642",215,"F","qq",16
"1643",215,"F","qR",4
"1644",215,"F","qs",4
"1645",215,"F","qx",4
"1646",215,"F","qz",4
"1647",215,"F","RR",16
"1648",215,"F","Rs",4
"1649",215,"F","Rx",4
"1650",215,"F","Rz",4
"1651",215,"F","ss",14
"1652",215,"F","sx",4
"1653",215,"F","sz",4
"1654",215,"F","xx",16
"1655",215,"F","xz",4
"1656",215,"F","zz",14
"1657",215,"I","AA",12
"1658",215,"I","Ah",4
"1659",215,"I","AH",4
"1660",215,"I","Aq",4
"1661",215,"I","AR",4
"1662",215,"I","As",4
"1663",215,"I","Ax",4
"1664",215,"I","Az",4
"1665",215,"I","hh",12
"1666",215,"I","hH",4
"1667",215,"I","HH",14
"1668",215,"I","hq",2
"1669",215,"I","Hq",6
"1670",215,"I","hR",4
"1671",215,"I","HR",4
"1672",215,"I","hs",4
"1673",215,"I","Hs",4
"1674",215,"I","hx",4
"1675",215,"I","Hx",4
"1676",215,"I","hz",2
"1677",215,"I","Hz",6
"1678",215,"I","qq",12
"1679",215,"I","qR",4
"1680",215,"I","qs",4
"1681",215,"I","qx",4
"1682",215,"I","qz",4
"1683",215,"I","RR",12
"1684",215,"I","Rs",4
"1685",215,"I","Rx",4
"1686",215,"I","Rz",4
"1687",215,"I","ss",14
"1688",215,"I","sx",4
"1689",215,"I","sz",4
"1690",215,"I","xx",12
"1691",215,"I","xz",4
"1692",215,"I","zz",14
"1693",215,"M","AA",14
"1694",215,"M","Ah",4
"1695",215,"M","AH",4
"1696",215,"M","Aq",4
"1697",215,"M","AR",4
"1698",215,"M","As",4
"1699",215,"M","Ax",4
"1700",215,"M","Az",4
"1701",215,"M","hh",14
"1702",215,"M","hH",4
"1703",215,"M","HH",14
"1704",215,"M","hq",2
"1705",215,"M","Hq",6
"1706",215,"M","hR",4
"1707",215,"M","HR",4
"1708",215,"M","hs",4
"1709",215,"M","Hs",4
"1710",215,"M","hx",4
"1711",215,"M","Hx",4
"1712",215,"M","hz",2
"1713",215,"M","Hz",6
"1714",215,"M","qq",14
"1715",215,"M","qR",4
"1716",215,"M","qs",4
"1717",215,"M","qx",4
"1718",215,"M","qz",4
"1719",215,"M","RR",14
"1720",215,"M","Rs",4
"1721",215,"M","Rx",4
"1722",215,"M","Rz",4
"1723",215,"M","ss",14
"1724",215,"M","sx",4
"1725",215,"M","sz",4
"1726",215,"M","xx",14
"1727",215,"M","xz",4
"1728",215,"M","zz",14
"1729",216,"F","AA",16
"1730",216,"F","Ah",4
"1731",216,"F","AH",4
"1732",216,"F","Aq",4
"1733",216,"F","AR",4
"1734",216,"F","As",4
"1735",216,"F","Ax",4
"1736",216,"F","Az",4
"1737",216,"F","hh",16
"1738",216,"F","hH",4
"1739",216,"F","HH",14
"1740",216,"F","hq",4
"1741",216,"F","Hq",4
"1742",216,"F","hR",2
"1743",216,"F","HR",6
"1744",216,"F","hs",4
"1745",216,"F","Hs",4
"1746",216,"F","hx",4
"1747",216,"F","Hx",4
"1748",216,"F","hz",2
"1749",216,"F","Hz",6
"1750",216,"F","qq",16
"1751",216,"F","qR",4
"1752",216,"F","qs",4
"1753",216,"F","qx",4
"1754",216,"F","qz",4
"1755",216,"F","RR",16
"1756",216,"F","Rs",4
"1757",216,"F","Rx",4
"1758",216,"F","Rz",4
"1759",216,"F","ss",14
"1760",216,"F","sx",4
"1761",216,"F","sz",4
"1762",216,"F","xx",16
"1763",216,"F","xz",4
"1764",216,"F","zz",14
"1765",216,"I","AA",12
"1766",216,"I","Ah",4
"1767",216,"I","AH",4
"1768",216,"I","Aq",4
"1769",216,"I","AR",4
"1770",216,"I","As",4
"1771",216,"I","Ax",4
"1772",216,"I","Az",4
"1773",216,"I","hh",12
"1774",216,"I","hH",4
"1775",216,"I","HH",14
"1776",216,"I","hq",2
"1777",216,"I","Hq",6
"1778",216,"I","hR",4
"1779",216,"I","HR",4
"1780",216,"I","hs",4
"1781",216,"I","Hs",4
"1782",216,"I","hx",4
"1783",216,"I","Hx",4
"1784",216,"I","hz",2
"1785",216,"I","Hz",6
"1786",216,"I","qq",12
"1787",216,"I","qR",4
"1788",216,"I","qs",4
"1789",216,"I","qx",4
"1790",216,"I","qz",4
"1791",216,"I","RR",12
"1792",216,"I","Rs",4
"1793",216,"I","Rx",4
"1794",216,"I","Rz",4
"1795",216,"I","ss",14
"1796",216,"I","sx",4
"1797",216,"I","sz",4
"1798",216,"I","xx",12
"1799",216,"I","xz",4
"1800",216,"I","zz",14
"1801",216,"M","AA",14
"1802",216,"M","Ah",4
"1803",216,"M","AH",4
"1804",216,"M","Aq",4
"1805",216,"M","AR",4
"1806",216,"M","As",4
"1807",216,"M","Ax",4
"1808",216,"M","Az",4
"1809",216,"M","hh",14
"1810",216,"M","hH",4
"1811",216,"M","HH",14
"1812",216,"M","hq",2
"1813",216,"M","Hq",6
"1814",216,"M","hR",4
"1815",216,"M","HR",4
"1816",216,"M","hs",4
"1817",216,"M","Hs",4
"1818",216,"M","hx",4
"1819",216,"M","Hx",4
"1820",216,"M","hz",2
"1821",216,"M","Hz",6
"1822",216,"M","qq",14
"1823",216,"M","qR",4
"1824",216,"M","qs",4
"1825",216,"M","qx",4
"1826",216,"M","qz",4
"1827",216,"M","RR",14
"1828",216,"M","Rs",4
"1829",216,"M","Rx",4
"1830",216,"M","Rz",4
"1831",216,"M","ss",14
"1832",216,"M","sx",4
"1833",216,"M","sz",4
"1834",216,"M","xx",14
"1835",216,"M","xz",4
"1836",216,"M","zz",14
"1837",217,"F","AA",16
"1838",217,"F","Ah",4
"1839",217,"F","AH",4
"1840",217,"F","Aq",4
"1841",217,"F","AR",4
"1842",217,"F","As",4
"1843",217,"F","Ax",4
"1844",217,"F","Az",4
"1845",217,"F","hh",16
"1846",217,"F","hH",4
"1847",217,"F","HH",14
"1848",217,"F","hq",4
"1849",217,"F","Hq",4
"1850",217,"F","hR",2
"1851",217,"F","HR",6
"1852",217,"F","hs",4
"1853",217,"F","Hs",4
"1854",217,"F","hx",4
"1855",217,"F","Hx",4
"1856",217,"F","hz",2
"1857",217,"F","Hz",6
"1858",217,"F","qq",16
"1859",217,"F","qR",4
"1860",217,"F","qs",4
"1861",217,"F","qx",4
"1862",217,"F","qz",4
"1863",217,"F","RR",16
"1864",217,"F","Rs",4
"1865",217,"F","Rx",4
"1866",217,"F","Rz",4
"1867",217,"F","ss",14
"1868",217,"F","sx",4
"1869",217,"F","sz",4
"1870",217,"F","xx",16
"1871",217,"F","xz",4
"1872",217,"F","zz",14
"1873",217,"I","AA",12
"1874",217,"I","Ah",4
"1875",217,"I","AH",4
"1876",217,"I","Aq",4
"1877",217,"I","AR",4
"1878",217,"I","As",4
"1879",217,"I","Ax",4
"1880",217,"I","Az",4
"1881",217,"I","hh",12
"1882",217,"I","hH",4
"1883",217,"I","HH",14
"1884",217,"I","hq",2
"1885",217,"I","Hq",6
"1886",217,"I","hR",4
"1887",217,"I","HR",4
"1888",217,"I","hs",4
"1889",217,"I","Hs",4
"1890",217,"I","hx",4
"1891",217,"I","Hx",4
"1892",217,"I","hz",2
"1893",217,"I","Hz",6
"1894",217,"I","qq",12
"1895",217,"I","qR",4
"1896",217,"I","qs",4
"1897",217,"I","qx",4
"1898",217,"I","qz",4
"1899",217,"I","RR",12
"1900",217,"I","Rs",4
"1901",217,"I","Rx",4
"1902",217,"I","Rz",4
"1903",217,"I","ss",14
"1904",217,"I","sx",4
"1905",217,"I","sz",4
"1906",217,"I","xx",12
"1907",217,"I","xz",4
"1908",217,"I","zz",14
"1909",217,"M","AA",14
"1910",217,"M","Ah",4
"1911",217,"M","AH",4
"1912",217,"M","Aq",4
"1913",217,"M","AR",4
"1914",217,"M","As",4
"1915",217,"M","Ax",4
"1916",217,"M","Az",4
"1917",217,"M","hh",14
"1918",217,"M","hH",4
"1919",217,"M","HH",14
"1920",217,"M","hq",2
"1921",217,"M","Hq",6
"1922",217,"M","hR",4
"1923",217,"M","HR",4
"1924",217,"M","hs",4
"1925",217,"M","Hs",4
"1926",217,"M","hx",4
"1927",217,"M","Hx",4
"1928",217,"M","hz",2
"1929",217,"M","Hz",6
"1930",217,"M","qq",14
"1931",217,"M","qR",4
"1932",217,"M","qs",4
"1933",217,"M","qx",4
"1934",217,"M","qz",4
"1935",217,"M","RR",14
"1936",217,"M","Rs",4
"1937",217,"M","Rx",4
"1938",217,"M","Rz",4
"1939",217,"M","ss",14
"1940",217,"M","sx",4
"1941",217,"M","sz",4
"1942",217,"M","xx",14
"1943",217,"M","xz",4
"1944",217,"M","zz",14
"1945",218,"F","AA",16
"1946",218,"F","Ah",4
"1947",218,"F","AH",4
"1948",218,"F","Aq",4
"1949",218,"F","AR",4
"1950",218,"F","As",4
"1951",218,"F","Ax",4
"1952",218,"F","Az",4
"1953",218,"F","hh",16
"1954",218,"F","hH",4
"1955",218,"F","HH",14
"1956",218,"F","hq",4
"1957",218,"F","Hq",4
"1958",218,"F","hR",2
"1959",218,"F","HR",6
"1960",218,"F","hs",4
"1961",218,"F","Hs",4
"1962",218,"F","hx",4
"1963",218,"F","Hx",4
"1964",218,"F","hz",2
"1965",218,"F","Hz",6
"1966",218,"F","qq",16
"1967",218,"F","qR",4
"1968",218,"F","qs",4
"1969",218,"F","qx",4
"1970",218,"F","qz",4
"1971",218,"F","RR",16
"1972",218,"F","Rs",4
"1973",218,"F","Rx",4
"1974",218,"F","Rz",4
"1975",218,"F","ss",14
"1976",218,"F","sx",4
"1977",218,"F","sz",4
"1978",218,"F","xx",16
"1979",218,"F","xz",4
"1980",218,"F","zz",14
"1981",218,"I","AA",12
"1982",218,"I","Ah",4
"1983",218,"I","AH",4
"1984",218,"I","Aq",4
"1985",218,"I","AR",4
"1986",218,"I","As",4
"1987",218,"I","Ax",4
"1988",218,"I","Az",4
"1989",218,"I","hh",12
"1990",218,"I","hH",4
"1991",218,"I","HH",14
"1992",218,"I","hq",2
"1993",218,"I","Hq",6
"1994",218,"I","hR",4
"1995",218,"I","HR",4
"1996",218,"I","hs",4
"1997",218,"I","Hs",4
"1998",218,"I","hx",4
"1999",218,"I","Hx",4
"2000",218,"I","hz",2
"2001",218,"I","Hz",6
"2002",218,"I","qq",12
"2003",218,"I","qR",4
"2004",218,"I","qs",4
"2005",218,"I","qx",4
"2006",218,"I","qz",4
"2007",218,"I","RR",12
"2008",218,"I","Rs",4
"2009",218,"I","Rx",4
"2010",218,"I","Rz",4
"2011",218,"I","ss",14
"2012",218,"I","sx",4
"2013",218,"I","sz",4
"2014",218,"I","xx",12
"2015",218,"I","xz",4
"2016",218,"I","zz",14
"2017",218,"M","AA",14
"2018",218,"M","Ah",4
"2019",218,"M","AH",4
"2020",218,"M","Aq",4
"2021",218,"M","AR",4
"2022",218,"M","As",4
"2023",218,"M","Ax",4
"2024",218,"M","Az",4
"2025",218,"M","hh",14
"2026",218,"M","hH",4
"2027",218,"M","HH",14
"2028",218,"M","hq",2
"2029",218,"M","Hq",6
"2030",218,"M","hR",4
"2031",218,"M","HR",4
"2032",218,"M","hs",4
"2033",218,"M","Hs",4
"2034",218,"M","hx",4
"2035",218,"M","Hx",4
"2036",218,"M","hz",2
"2037",218,"M","Hz",6
"2038",218,"M","qq",14
"2039",218,"M","qR",4
"2040",218,"M","qs",4
"2041",218,"M","qx",4
"2042",218,"M","qz",4
"2043",218,"M","RR",14
"2044",218,"M","Rs",4
"2045",218,"M","Rx",4
"2046",218,"M","Rz",4
"2047",218,"M","ss",14
"2048",218,"M","sx",4
"2049",218,"M","sz",4
"2050",218,"M","xx",14
"2051",218,"M","xz",4
"2052",218,"M","zz",14
"2053",219,"F","AA",16
"2054",219,"F","Ah",4
"2055",219,"F","AH",4
"2056",219,"F","Aq",4
"2057",219,"F","AR",4
"2058",219,"F","As",4
"2059",219,"F","Ax",4
"2060",219,"F","Az",4
"2061",219,"F","hh",16
"2062",219,"F","hH",4
"2063",219,"F","HH",14
"2064",219,"F","hq",4
"2065",219,"F","Hq",4
"2066",219,"F","hR",2
"2067",219,"F","HR",6
"2068",219,"F","hs",4
"2069",219,"F","Hs",4
"2070",219,"F","hx",4
"2071",219,"F","Hx",4
"2072",219,"F","hz",2
"2073",219,"F","Hz",6
"2074",219,"F","qq",16
"2075",219,"F","qR",4
"2076",219,"F","qs",4
"2077",219,"F","qx",4
"2078",219,"F","qz",4
"2079",219,"F","RR",16
"2080",219,"F","Rs",4
"2081",219,"F","Rx",4
"2082",219,"F","Rz",4
"2083",219,"F","ss",14
"2084",219,"F","sx",4
"2085",219,"F","sz",4
"2086",219,"F","xx",16
"2087",219,"F","xz",4
"2088",219,"F","zz",14
"2089",219,"I","AA",12
"2090",219,"I","Ah",4
"2091",219,"I","AH",4
"2092",219,"I","Aq",4
"2093",219,"I","AR",4
"2094",219,"I","As",4
"2095",219,"I","Ax",4
"2096",219,"I","Az",4
"2097",219,"I","hh",12
"2098",219,"I","hH",4
"2099",219,"I","HH",14
"2100",219,"I","hq",2
"2101",219,"I","Hq",6
"2102",219,"I","hR",4
"2103",219,"I","HR",4
"2104",219,"I","hs",4
"2105",219,"I","Hs",4
"2106",219,"I","hx",4
"2107",219,"I","Hx",4
"2108",219,"I","hz",2
"2109",219,"I","Hz",6
"2110",219,"I","qq",12
"2111",219,"I","qR",4
"2112",219,"I","qs",4
"2113",219,"I","qx",4
"2114",219,"I","qz",4
"2115",219,"I","RR",12
"2116",219,"I","Rs",4
"2117",219,"I","Rx",4
"2118",219,"I","Rz",4
"2119",219,"I","ss",14
"2120",219,"I","sx",4
"2121",219,"I","sz",4
"2122",219,"I","xx",12
"2123",219,"I","xz",4
"2124",219,"I","zz",14
"2125",219,"M","AA",14
"2126",219,"M","Ah",4
"2127",219,"M","AH",4
"2128",219,"M","Aq",4
"2129",219,"M","AR",4
"2130",219,"M","As",4
"2131",219,"M","Ax",4
"2132",219,"M","Az",4
"2133",219,"M","hh",14
"2134",219,"M","hH",4
"2135",219,"M","HH",14
"2136",219,"M","hq",2
"2137",219,"M","Hq",6
"2138",219,"M","hR",4
"2139",219,"M","HR",4
"2140",219,"M","hs",4
"2141",219,"M","Hs",4
"2142",219,"M","hx",4
"2143",219,"M","Hx",4
"2144",219,"M","hz",2
"2145",219,"M","Hz",6
"2146",219,"M","qq",14
"2147",219,"M","qR",4
"2148",219,"M","qs",4
"2149",219,"M","qx",4
"2150",219,"M","qz",4
"2151",219,"M","RR",14
"2152",219,"M","Rs",4
"2153",219,"M","Rx",4
"2154",219,"M","Rz",4
"2155",219,"M","ss",14
"2156",219,"M","sx",4
"2157",219,"M","sz",4
"2158",219,"M","xx",14
"2159",219,"M","xz",4
"2160",219,"M","zz",14
"2161",251,"F","AA",16
"2162",251,"F","Ah",4
"2163",251,"F","AH",4
"2164",251,"F","Aq",4
"2165",251,"F","AR",4
"2166",251,"F","As",4
"2167",251,"F","Ax",4
"2168",251,"F","Az",4
"2169",251,"F","hh",16
"2170",251,"F","hH",4
"2171",251,"F","HH",14
"2172",251,"F","hq",4
"2173",251,"F","Hq",4
"2174",251,"F","hR",2
"2175",251,"F","HR",6
"2176",251,"F","hs",4
"2177",251,"F","Hs",4
"2178",251,"F","hx",4
"2179",251,"F","Hx",4
"2180",251,"F","hz",2
"2181",251,"F","Hz",6
"2182",251,"F","qq",16
"2183",251,"F","qR",4
"2184",251,"F","qs",4
"2185",251,"F","qx",4
"2186",251,"F","qz",4
"2187",251,"F","RR",16
"2188",251,"F","Rs",4
"2189",251,"F","Rx",4
"2190",251,"F","Rz",4
"2191",251,"F","ss",14
"2192",251,"F","sx",4
"2193",251,"F","sz",4
"2194",251,"F","xx",16
"2195",251,"F","xz",4
"2196",251,"F","zz",14
"2197",251,"I","AA",12
"2198",251,"I","Ah",4
"2199",251,"I","AH",4
"2200",251,"I","Aq",4
"2201",251,"I","AR",4
"2202",251,"I","As",4
"2203",251,"I","Ax",4
"2204",251,"I","Az",4
"2205",251,"I","hh",12
"2206",251,"I","hH",4
"2207",251,"I","HH",14
"2208",251,"I","hq",2
"2209",251,"I","Hq",6
"2210",251,"I","hR",4
"2211",251,"I","HR",4
"2212",251,"I","hs",4
"2213",251,"I","Hs",4
"2214",251,"I","hx",4
"2215",251,"I","Hx",4
"2216",251,"I","hz",2
"2217",251,"I","Hz",6
"2218",251,"I","qq",12
"2219",251,"I","qR",4
"2220",251,"I","qs",4
"2221",251,"I","qx",4
"2222",251,"I","qz",4
"2223",251,"I","RR",12
"2224",251,"I","Rs",4
"2225",251,"I","Rx",4
"2226",251,"I","Rz",4
"2227",251,"I","ss",14
"2228",251,"I","sx",4
"2229",251,"I","sz",4
"2230",251,"I","xx",12
"2231",251,"I","xz",4
"2232",251,"I","zz",14
"2233",251,"M","AA",14
"2234",251,"M","Ah",4
"2235",251,"M","AH",4
"2236",251,"M","Aq",4
"2237",251,"M","AR",4
"2238",251,"M","As",4
"2239",251,"M","Ax",4
"2240",251,"M","Az",4
"2241",251,"M","hh",14
"2242",251,"M","hH",4
"2243",251,"M","HH",14
"2244",251,"M","hq",2
"2245",251,"M","Hq",6
"2246",251,"M","hR",4
"2247",251,"M","HR",4
"2248",251,"M","hs",4
"2249",251,"M","Hs",4
"2250",251,"M","hx",4
"2251",251,"M","Hx",4
"2252",251,"M","hz",2
"2253",251,"M","Hz",6
"2254",251,"M","qq",14
"2255",251,"M","qR",4
"2256",251,"M","qs",4
"2257",251,"M","qx",4
"2258",251,"M","qz",4
"2259",251,"M","RR",14
"2260",251,"M","Rs",4
"2261",251,"M","Rx",4
"2262",251,"M","Rz",4
"2263",251,"M","ss",14
"2264",251,"M","sx",4
"2265",251,"M","sz",4
"2266",251,"M","xx",14
"2267",251,"M","xz",4
"2268",251,"M","zz",14
"2269",252,"F","AA",16
"2270",252,"F","Ah",4
"2271",252,"F","AH",4
"2272",252,"F","Aq",4
"2273",252,"F","AR",4
"2274",252,"F","As",4
"2275",252,"F","Ax",4
"2276",252,"F","Az",4
"2277",252,"F","hh",16
"2278",252,"F","hH",4
"2279",252,"F","HH",14
"2280",252,"F","hq",4
"2281",252,"F","Hq",4
"2282",252,"F","hR",2
"2283",252,"F","HR",6
"2284",252,"F","hs",4
"2285",252,"F","Hs",4
"2286",252,"F","hx",4
"2287",252,"F","Hx",4
"2288",252,"F","hz",2
"2289",252,"F","Hz",6
"2290",252,"F","qq",16
"2291",252,"F","qR",4
"2292",252,"F","qs",4
"2293",252,"F","qx",4
"2294",252,"F","qz",4
"2295",252,"F","RR",16
"2296",252,"F","Rs",4
"2297",252,"F","Rx",4
"2298",252,"F","Rz",4
"2299",252,"F","ss",14
"2300",252,"F","sx",4
"2301",252,"F","sz",4
"2302",252,"F","xx",16
"2303",252,"F","xz",4
"2304",252,"F","zz",14
"2305",252,"I","AA",12
"2306",252,"I","Ah",4
"2307",252,"I","AH",4
"2308",252,"I","Aq",4
"2309",252,"I","AR",4
"2310",252,"I","As",4
"2311",252,"I","Ax",4
"2312",252,"I","Az",4
"2313",252,"I","hh",12
"2314",252,"I","hH",4
"2315",252,"I","HH",14
"2316",252,"I","hq",2
"2317",252,"I","Hq",6
"2318",252,"I","hR",4
"2319",252,"I","HR",4
"2320",252,"I","hs",4
"2321",252,"I","Hs",4
"2322",252,"I","hx",4
"2323",252,"I","Hx",4
"2324",252,"I","hz",2
"2325",252,"I","Hz",6
"2326",252,"I","qq",12
"2327",252,"I","qR",4
"2328",252,"I","qs",4
"2329",252,"I","qx",4
"2330",252,"I","qz",4
"2331",252,"I","RR",12
"2332",252,"I","Rs",4
"2333",252,"I","Rx",4
"2334",252,"I","Rz",4
"2335",252,"I","ss",14
"2336",252,"I","sx",4
"2337",252,"I","sz",4
"2338",252,"I","xx",12
"2339",252,"I","xz",4
"2340",252,"I","zz",14
"2341",252,"M","AA",14
"2342",252,"M","Ah",4
"2343",252,"M","AH",4
"2344",252,"M","Aq",4
"2345",252,"M","AR",4
"2346",252,"M","As",4
"2347",252,"M","Ax",4
"2348",252,"M","Az",4
"2349",252,"M","hh",14
"2350",252,"M","hH",4
"2351",252,"M","HH",14
"2352",252,"M","hq",2
"2353",252,"M","Hq",6
"2354",252,"M","hR",4
"2355",252,"M","HR",4
"2356",252,"M","hs",4
"2357",252,"M","Hs",4
"2358",252,"M","hx",4
"2359",252,"M","Hx",4
"2360",252,"M","hz",2
"2361",252,"M","Hz",6
"2362",252,"M","qq",14
"2363",252,"M","qR",4
"2364",252,"M","qs",4
"2365",252,"M","qx",4
"2366",252,"M","qz",4
"2367",252,"M","RR",14
"2368",252,"M","Rs",4
"2369",252,"M","Rx",4
"2370",252,"M","Rz",4
"2371",252,"M","ss",14
"2372",252,"M","sx",4
"2373",252,"M","sz",4
"2374",252,"M","xx",14
"2375",252,"M","xz",4
"2376",252,"M","zz",14
"2377",253,"F","AA",16
"2378",253,"F","Ah",4
"2379",253,"F","AH",4
"2380",253,"F","Aq",4
"2381",253,"F","AR",4
"2382",253,"F","As",4
"2383",253,"F","Ax",4
"2384",253,"F","Az",4
"2385",253,"F","hh",16
"2386",253,"F","hH",4
"2387",253,"F","HH",14
"2388",253,"F","hq",4
"2389",253,"F","Hq",4
"2390",253,"F","hR",2
"2391",253,"F","HR",6
"2392",253,"F","hs",4
"2393",253,"F","Hs",4
"2394",253,"F","hx",4
"2395",253,"F","Hx",4
"2396",253,"F","hz",2
"2397",253,"F","Hz",6
"2398",253,"F","qq",16
"2399",253,"F","qR",4
"2400",253,"F","qs",4
"2401",253,"F","qx",4
"2402",253,"F","qz",4
"2403",253,"F","RR",16
"2404",253,"F","Rs",4
"2405",253,"F","Rx",4
"2406",253,"F","Rz",4
"2407",253,"F","ss",14
"2408",253,"F","sx",4
"2409",253,"F","sz",4
"2410",253,"F","xx",16
"2411",253,"F","xz",4
"2412",253,"F","zz",14
"2413",253,"I","AA",12
"2414",253,"I","Ah",4
"2415",253,"I","AH",4
"2416",253,"I","Aq",4
"2417",253,"I","AR",4
"2418",253,"I","As",4
"2419",253,"I","Ax",4
"2420",253,"I","Az",4
"2421",253,"I","hh",12
"2422",253,"I","hH",4
"2423",253,"I","HH",14
"2424",253,"I","hq",2
"2425",253,"I","Hq",6
"2426",253,"I","hR",4
"2427",253,"I","HR",4
"2428",253,"I","hs",4
"2429",253,"I","Hs",4
"2430",253,"I","hx",4
"2431",253,"I","Hx",4
"2432",253,"I","hz",2
"2433",253,"I","Hz",6
"2434",253,"I","qq",12
"2435",253,"I","qR",4
"2436",253,"I","qs",4
"2437",253,"I","qx",4
"2438",253,"I","qz",4
"2439",253,"I","RR",12
"2440",253,"I","Rs",4
"2441",253,"I","Rx",4
"2442",253,"I","Rz",4
"2443",253,"I","ss",14
"2444",253,"I","sx",4
"2445",253,"I","sz",4
"2446",253,"I","xx",12
"2447",253,"I","xz",4
"2448",253,"I","zz",14
"2449",253,"M","AA",14
"2450",253,"M","Ah",4
"2451",253,"M","AH",4
"2452",253,"M","Aq",4
"2453",253,"M","AR",4
"2454",253,"M","As",4
"2455",253,"M","Ax",4
"2456",253,"M","Az",4
"2457",253,"M","hh",14
"2458",253,"M","hH",4
"2459",253,"M","HH",14
"2460",253,"M","hq",2
"2461",253,"M","Hq",6
"2462",253,"M","hR",4
"2463",253,"M","HR",4
"2464",253,"M","hs",4
"2465",253,"M","Hs",4
"2466",253,"M","hx",4
"2467",253,"M","Hx",4
"2468",253,"M","hz",2
"2469",253,"M","Hz",6
"2470",253,"M","qq",14
"2471",253,"M","qR",4
"2472",253,"M","qs",4
"2473",253,"M","qx",4
"2474",253,"M","qz",4
"2475",253,"M","RR",14
"2476",253,"M","Rs",4
"2477",253,"M","Rx",4
"2478",253,"M","Rz",4
"2479",253,"M","ss",14
"2480",253,"M","sx",4
"2481",253,"M","sz",4
"2482",253,"M","xx",14
"2483",253,"M","xz",4
"2484",253,"M","zz",14
"2485",254,"F","AA",16
"2486",254,"F","Ah",4
"2487",254,"F","AH",4
"2488",254,"F","Aq",4
"2489",254,"F","AR",4
"2490",254,"F","As",4
"2491",254,"F","Ax",4
"2492",254,"F","Az",4
"2493",254,"F","hh",16
"2494",254,"F","hH",4
"2495",254,"F","HH",14
"2496",254,"F","hq",4
"2497",254,"F","Hq",4
"2498",254,"F","hR",2
"2499",254,"F","HR",6
"2500",254,"F","hs",4
"2501",254,"F","Hs",4
"2502",254,"F","hx",4
"2503",254,"F","Hx",4
"2504",254,"F","hz",2
"2505",254,"F","Hz",6
"2506",254,"F","qq",16
"2507",254,"F","qR",4
"2508",254,"F","qs",4
"2509",254,"F","qx",4
"2510",254,"F","qz",4
"2511",254,"F","RR",16
"2512",254,"F","Rs",4
"2513",254,"F","Rx",4
"2514",254,"F","Rz",4
"2515",254,"F","ss",14
"2516",254,"F","sx",4
"2517",254,"F","sz",4
"2518",254,"F","xx",16
"2519",254,"F","xz",4
"2520",254,"F","zz",14
"2521",254,"I","AA",12
"2522",254,"I","Ah",4
"2523",254,"I","AH",4
"2524",254,"I","Aq",4
"2525",254,"I","AR",4
"2526",254,"I","As",4
"2527",254,"I","Ax",4
"2528",254,"I","Az",4
"2529",254,"I","hh",12
"2530",254,"I","hH",4
"2531",254,"I","HH",14
"2532",254,"I","hq",2
"2533",254,"I","Hq",6
"2534",254,"I","hR",4
"2535",254,"I","HR",4
"2536",254,"I","hs",4
"2537",254,"I","Hs",4
"2538",254,"I","hx",4
"2539",254,"I","Hx",4
"2540",254,"I","hz",2
"2541",254,"I","Hz",6
"2542",254,"I","qq",12
"2543",254,"I","qR",4
"2544",254,"I","qs",4
"2545",254,"I","qx",4
"2546",254,"I","qz",4
"2547",254,"I","RR",12
"2548",254,"I","Rs",4
"2549",254,"I","Rx",4
"2550",254,"I","Rz",4
"2551",254,"I","ss",14
"2552",254,"I","sx",4
"2553",254,"I","sz",4
"2554",254,"I","xx",12
"2555",254,"I","xz",4
"2556",254,"I","zz",14
"2557",254,"M","AA",14
"2558",254,"M","Ah",4
"2559",254,"M","AH",4
"2560",254,"M","Aq",4
"2561",254,"M","AR",4
"2562",254,"M","As",4
"2563",254,"M","Ax",4
"2564",254,"M","Az",4
"2565",254,"M","hh",14
"2566",254,"M","hH",4
"2567",254,"M","HH",14
"2568",254,"M","hq",2
"2569",254,"M","Hq",6
"2570",254,"M","hR",4
"2571",254,"M","HR",4
"2572",254,"M","hs",4
"2573",254,"M","Hs",4
"2574",254,"M","hx",4
"2575",254,"M","Hx",4
"2576",254,"M","hz",2
"2577",254,"M","Hz",6
"2578",254,"M","qq",14
"2579",254,"M","qR",4
"2580",254,"M","qs",4
"2581",254,"M","qx",4
"2582",254,"M","qz",4
"2583",254,"M","RR",14
"2584",254,"M","Rs",4
"2585",254,"M","Rx",4
"2586",254,"M","Rz",4
"2587",254,"M","ss",14
"2588",254,"M","sx",4
"2589",254,"M","sz",4
"2590",254,"M","xx",14
"2591",254,"M","xz",4
"2592",254,"M","zz",14
"2593",255,"F","AA",16
"2594",255,"F","Ah",4
"2595",255,"F","AH",4
"2596",255,"F","Aq",4
"2597",255,"F","AR",4
"2598",255,"F","As",4
"2599",255,"F","Ax",4
"2600",255,"F","Az",4
"2601",255,"F","hh",16
"2602",255,"F","hH",4
"2603",255,"F","HH",14
"2604",255,"F","hq",4
"2605",255,"F","Hq",4
"2606",255,"F","hR",2
"2607",255,"F","HR",6
"2608",255,"F","hs",4
"2609",255,"F","Hs",4
"2610",255,"F","hx",4
"2611",255,"F","Hx",4
"2612",255,"F","hz",2
"2613",255,"F","Hz",6
"2614",255,"F","qq",16
"2615",255,"F","qR",4
"2616",255,"F","qs",4
"2617",255,"F","qx",4
"2618",255,"F","qz",4
"2619",255,"F","RR",16
"2620",255,"F","Rs",4
"2621",255,"F","Rx",4
"2622",255,"F","Rz",4
"2623",255,"F","ss",14
"2624",255,"F","sx",4
"2625",255,"F","sz",4
"2626",255,"F","xx",16
"2627",255,"F","xz",4
"2628",255,"F","zz",14
"2629",255,"I","AA",12
"2630",255,"I","Ah",4
"2631",255,"I","AH",4
"2632",255,"I","Aq",4
"2633",255,"I","AR",4
"2634",255,"I","As",4
"2635",255,"I","Ax",4
"2636",255,"I","Az",4
"2637",255,"I","hh",12
"2638",255,"I","hH",4
"2639",255,"I","HH",14
"2640",255,"I","hq",2
"2641",255,"I","Hq",6
"2642",255,"I","hR",4
"2643",255,"I","HR",4
"2644",255,"I","hs",4
"2645",255,"I","Hs",4
"2646",255,"I","hx",4
"2647",255,"I","Hx",4
"2648",255,"I","hz",2
"2649",255,"I","Hz",6
"2650",255,"I","qq",12
"2651",255,"I","qR",4
"2652",255,"I","qs",4
"2653",255,"I","qx",4
"2654",255,"I","qz",4
"2655",255,"I","RR",12
"2656",255,"I","Rs",4
"2657",255,"I","Rx",4
"2658",255,"I","Rz",4
"2659",255,"I","ss",14
"2660",255,"I","sx",4
"2661",255,"I","sz",4
"2662",255,"I","xx",12
"2663",255,"I","xz",4
"2664",255,"I","zz",14
"2665",255,"M","AA",14
"2666",255,"M","Ah",4
"2667",255,"M","AH",4
"2668",255,"M","Aq",4
"2669",255,"M","AR",4
"2670",255,"M","As",4
"2671",255,"M","Ax",4
"2672",255,"M","Az",4
"2673",255,"M","hh",14
"2674",255,"M","hH",4
"2675",255,"M","HH",14
"2676",255,"M","hq",2
"2677",255,"M","Hq",6
"2678",255,"M","hR",4
"2679",255,"M","HR",4
"2680",255,"M","hs",4
"2681",255,"M","Hs",4
"2682",255,"M","hx",4
"2683",255,"M","Hx",4
"2684",255,"M","hz",2
"2685",255,"M","Hz",6
"2686",255,"M","qq",14
"2687",255,"M","qR",4
"2688",255,"M","qs",4
"2689",255,"M","qx",4
"2690",255,"M","qz",4
"2691",255,"M","RR",14
"2692",255,"M","Rs",4
"2693",255,"M","Rx",4
"2694",255,"M","Rz",4
"2695",255,"M","ss",14
"2696",255,"M","sx",4
"2697",255,"M","sz",4
"2698",255,"M","xx",14
"2699",255,"M","xz",4
"2700",255,"M","zz",14
"2701",256,"F","AA",16
"2702",256,"F","Ah",4
"2703",256,"F","AH",4
"2704",256,"F","Aq",4
"2705",256,"F","AR",4
"2706",256,"F","As",4
"2707",256,"F","Ax",4
"2708",256,"F","Az",4
"2709",256,"F","hh",16
"2710",256,"F","hH",4
"2711",256,"F","HH",14
"2712",256,"F","hq",4
"2713",256,"F","Hq",4
"2714",256,"F","hR",2
"2715",256,"F","HR",6
"2716",256,"F","hs",4
"2717",256,"F","Hs",4
"2718",256,"F","hx",4
"2719",256,"F","Hx",4
"2720",256,"F","hz",2
"2721",256,"F","Hz",6
"2722",256,"F","qq",16
"2723",256,"F","qR",4
"2724",256,"F","qs",4
"2725",256,"F","qx",4
"2726",256,"F","qz",4
"2727",256,"F","RR",16
"2728",256,"F","Rs",4
"2729",256,"F","Rx",4
"2730",256,"F","Rz",4
"2731",256,"F","ss",14
"2732",256,"F","sx",4
"2733",256,"F","sz",4
"2734",256,"F","xx",16
"2735",256,"F","xz",4
"2736",256,"F","zz",14
"2737",256,"I","AA",12
"2738",256,"I","Ah",4
"2739",256,"I","AH",4
"2740",256,"I","Aq",4
"2741",256,"I","AR",4
"2742",256,"I","As",4
"2743",256,"I","Ax",4
"2744",256,"I","Az",4
"2745",256,"I","hh",12
"2746",256,"I","hH",4
"2747",256,"I","HH",14
"2748",256,"I","hq",2
"2749",256,"I","Hq",6
"2750",256,"I","hR",4
"2751",256,"I","HR",4
"2752",256,"I","hs",4
"2753",256,"I","Hs",4
"2754",256,"I","hx",4
"2755",256,"I","Hx",4
"2756",256,"I","hz",2
"2757",256,"I","Hz",6
"2758",256,"I","qq",12
"2759",256,"I","qR",4
"2760",256,"I","qs",4
"2761",256,"I","qx",4
"2762",256,"I","qz",4
"2763",256,"I","RR",12
"2764",256,"I","Rs",4
"2765",256,"I","Rx",4
"2766",256,"I","Rz",4
"2767",256,"I","ss",14
"2768",256,"I","sx",4
"2769",256,"I","sz",4
"2770",256,"I","xx",12
"2771",256,"I","xz",4
"2772",256,"I","zz",14
"2773",256,"M","AA",14
"2774",256,"M","Ah",4
"2775",256,"M","AH",4
"2776",256,"M","Aq",4
"2777",256,"M","AR",4
"2778",256,"M","As",4
"2779",256,"M","Ax",4
"2780",256,"M","Az",4
"2781",256,"M","hh",14
"2782",256,"M","hH",4
"2783",256,"M","HH",14
"2784",256,"M","hq",2
"2785",256,"M","Hq",6
"2786",256,"M","hR",4
"2787",256,"M","HR",4
"2788",256,"M","hs",4
"2789",256,"M","Hs",4
"2790",256,"M","hx",4
"2791",256,"M","Hx",4
"2792",256,"M","hz",2
"2793",256,"M","Hz",6
"2794",256,"M","qq",14
"2795",256,"M","qR",4
"2796",256,"M","qs",4
"2797",256,"M","qx",4
"2798",256,"M","qz",4
"2799",256,"M","RR",14
"2800",256,"M","Rs",4
"2801",256,"M","Rx",4
"2802",256,"M","Rz",4
"2803",256,"M","ss",14
"2804",256,"M","sx",4
"2805",256,"M","sz",4
"2806",256,"M","xx",14
"2807",256,"M","xz",4
"2808",256,"M","zz",14
"2809",257,"F","AA",16
"2810",257,"F","Ah",4
"2811",257,"F","AH",4
"2812",257,"F","Aq",4
"2813",257,"F","AR",4
"2814",257,"F","As",4
"2815",257,"F","Ax",4
"2816",257,"F","Az",3
"2817",257,"F","hh",16
"2818",257,"F","hH",4
"2819",257,"F","HH",13
"2820",257,"F","hq",4
"2821",257,"F","Hq",4
"2822",257,"F","hR",2
"2823",257,"F","HR",6
"2824",257,"F","hs",4
"2825",257,"F","Hs",4
"2826",257,"F","hx",4
"2827",257,"F","Hx",4
"2828",257,"F","hz",2
"2829",257,"F","Hz",6
"2830",257,"F","qq",16
"2831",257,"F","qR",4
"2832",257,"F","qs",4
"2833",257,"F","qx",4
"2834",257,"F","qz",4
"2835",257,"F","RR",16
"2836",257,"F","Rs",4
"2837",257,"F","Rx",4
"2838",257,"F","Rz",3
"2839",257,"F","ss",14
"2840",257,"F","sx",4
"2841",257,"F","sz",4
"2842",257,"F","xx",16
"2843",257,"F","xz",4
"2844",257,"F","zz",14
"2845",257,"I","AA",12
"2846",257,"I","Ah",4
"2847",257,"I","AH",4
"2848",257,"I","Aq",4
"2849",257,"I","AR",4
"2850",257,"I","As",4
"2851",257,"I","Ax",4
"2852",257,"I","Az",2
"2853",257,"I","hh",12
"2854",257,"I","hH",4
"2855",257,"I","HH",13
"2856",257,"I","hq",2
"2857",257,"I","Hq",6
"2858",257,"I","hR",4
"2859",257,"I","HR",4
"2860",257,"I","hs",4
"2861",257,"I","Hs",4
"2862",257,"I","hx",4
"2863",257,"I","Hx",4
"2864",257,"I","qq",12
"2865",257,"I","qR",4
"2866",257,"I","qs",4
"2867",257,"I","qx",4
"2868",257,"I","RR",12
"2869",257,"I","Rs",3
"2870",257,"I","Rx",4
"2871",257,"I","ss",14
"2872",257,"I","sx",4
"2873",257,"I","xx",12
"2874",257,"M","AA",13
"2875",257,"M","Ah",4
"2876",257,"M","AH",4
"2877",257,"M","Aq",4
"2878",257,"M","AR",4
"2879",257,"M","As",4
"2880",257,"M","Ax",4
"2881",257,"M","Az",4
"2882",257,"M","hh",14
"2883",257,"M","hH",4
"2884",257,"M","HH",13
"2885",257,"M","hq",2
"2886",257,"M","Hq",6
"2887",257,"M","hR",4
"2888",257,"M","HR",4
"2889",257,"M","hs",4
"2890",257,"M","Hs",4
"2891",257,"M","hx",4
"2892",257,"M","Hx",4
"2893",257,"M","hz",2
"2894",257,"M","Hz",6
"2895",257,"M","qq",14
"2896",257,"M","qR",4
"2897",257,"M","qs",4
"2898",257,"M","qx",4
"2899",257,"M","qz",4
"2900",257,"M","RR",14
"2901",257,"M","Rs",4
"2902",257,"M","Rx",3
"2903",257,"M","Rz",4
"2904",257,"M","ss",14
"2905",257,"M","sx",4
"2906",257,"M","sz",4
"2907",257,"M","xx",14
"2908",257,"M","xz",4
"2909",257,"M","zz",14
"2910",258,"F","AA",16
"2911",258,"F","Ah",4
"2912",258,"F","AH",4
"2913",258,"F","Aq",4
"2914",258,"F","AR",4
"2915",258,"F","As",4
"2916",258,"F","Ax",4
"2917",258,"F","Az",4
"2918",258,"F","hh",16
"2919",258,"F","hH",4
"2920",258,"F","HH",14
"2921",258,"F","hq",4
"2922",258,"F","Hq",4
"2923",258,"F","hR",2
"2924",258,"F","HR",6
"2925",258,"F","hs",4
"2926",258,"F","Hs",3
"2927",258,"F","hx",4
"2928",258,"F","Hx",4
"2929",258,"F","hz",2
"2930",258,"F","Hz",5
"2931",258,"F","qq",16
"2932",258,"F","qR",4
"2933",258,"F","qs",4
"2934",258,"F","qx",4
"2935",258,"F","qz",4
"2936",258,"F","RR",16
"2937",258,"F","Rs",4
"2938",258,"F","Rx",4
"2939",258,"F","Rz",4
"2940",258,"F","ss",14
"2941",258,"F","sx",4
"2942",258,"F","sz",4
"2943",258,"F","xx",16
"2944",258,"F","xz",4
"2945",258,"F","zz",14
"2946",258,"I","AA",12
"2947",258,"I","Ah",4
"2948",258,"I","AH",4
"2949",258,"I","Aq",4
"2950",258,"I","AR",4
"2951",258,"I","As",4
"2952",258,"I","Ax",4
"2953",258,"I","Az",2
"2954",258,"I","hh",12
"2955",258,"I","hH",4
"2956",258,"I","HH",14
"2957",258,"I","hq",2
"2958",258,"I","Hq",6
"2959",258,"I","hR",3
"2960",258,"I","HR",4
"2961",258,"I","hs",4
"2962",258,"I","Hs",4
"2963",258,"I","hx",4
"2964",258,"I","Hx",4
"2965",258,"I","qq",12
"2966",258,"I","qR",4
"2967",258,"I","qs",4
"2968",258,"I","qx",4
"2969",258,"I","RR",11
"2970",258,"I","Rs",4
"2971",258,"I","Rx",4
"2972",258,"I","ss",14
"2973",258,"I","sx",4
"2974",258,"I","xx",12
"2975",258,"M","AA",14
"2976",258,"M","Ah",4
"2977",258,"M","AH",4
"2978",258,"M","Aq",4
"2979",258,"M","AR",4
"2980",258,"M","As",4
"2981",258,"M","Ax",4
"2982",258,"M","Az",4
"2983",258,"M","hh",14
"2984",258,"M","hH",4
"2985",258,"M","HH",14
"2986",258,"M","hq",2
"2987",258,"M","Hq",6
"2988",258,"M","hR",4
"2989",258,"M","HR",3
"2990",258,"M","hs",4
"2991",258,"M","Hs",4
"2992",258,"M","hx",4
"2993",258,"M","Hx",4
"2994",258,"M","hz",2
"2995",258,"M","Hz",6
"2996",258,"M","qq",13
"2997",258,"M","qR",4
"2998",258,"M","qs",4
"2999",258,"M","qx",4
"3000",258,"M","qz",4
"3001",258,"M","RR",14
"3002",258,"M","Rs",4
"3003",258,"M","Rx",3
"3004",258,"M","Rz",4
"3005",258,"M","ss",13
"3006",258,"M","sx",4
"3007",258,"M","sz",4
"3008",258,"M","xx",14
"3009",258,"M","xz",4
"3010",258,"M","zz",14
"3011",259,"F","AA",16
"3012",259,"F","Ah",4
"3013",259,"F","AH",4
"3014",259,"F","Aq",4
"3015",259,"F","AR",4
"3016",259,"F","As",4
"3017",259,"F","Ax",4
"3018",259,"F","Az",3
"3019",259,"F","hh",16
"3020",259,"F","hH",4
"3021",259,"F","HH",13
"3022",259,"F","hq",4
"3023",259,"F","Hq",4
"3024",259,"F","hR",2
"3025",259,"F","HR",6
"3026",259,"F","hs",4
"3027",259,"F","Hs",4
"3028",259,"F","hx",4
"3029",259,"F","Hx",4
"3030",259,"F","hz",2
"3031",259,"F","Hz",6
"3032",259,"F","qq",16
"3033",259,"F","qR",4
"3034",259,"F","qs",4
"3035",259,"F","qx",4
"3036",259,"F","qz",4
"3037",259,"F","RR",16
"3038",259,"F","Rs",4
"3039",259,"F","Rx",4
"3040",259,"F","Rz",3
"3041",259,"F","ss",14
"3042",259,"F","sx",4
"3043",259,"F","sz",4
"3044",259,"F","xx",16
"3045",259,"F","xz",4
"3046",259,"F","zz",14
"3047",259,"I","AA",12
"3048",259,"I","Ah",4
"3049",259,"I","AH",4
"3050",259,"I","Aq",4
"3051",259,"I","AR",4
"3052",259,"I","As",4
"3053",259,"I","Ax",4
"3054",259,"I","Az",2
"3055",259,"I","hh",12
"3056",259,"I","hH",4
"3057",259,"I","HH",13
"3058",259,"I","hq",2
"3059",259,"I","Hq",6
"3060",259,"I","hR",4
"3061",259,"I","HR",4
"3062",259,"I","hs",4
"3063",259,"I","Hs",4
"3064",259,"I","hx",4
"3065",259,"I","Hx",4
"3066",259,"I","qq",12
"3067",259,"I","qR",4
"3068",259,"I","qs",4
"3069",259,"I","qx",4
"3070",259,"I","RR",12
"3071",259,"I","Rs",3
"3072",259,"I","Rx",4
"3073",259,"I","ss",14
"3074",259,"I","sx",4
"3075",259,"I","xx",12
"3076",259,"M","AA",13
"3077",259,"M","Ah",4
"3078",259,"M","AH",4
"3079",259,"M","Aq",4
"3080",259,"M","AR",4
"3081",259,"M","As",4
"3082",259,"M","Ax",4
"3083",259,"M","Az",4
"3084",259,"M","hh",14
"3085",259,"M","hH",4
"3086",259,"M","HH",13
"3087",259,"M","hq",2
"3088",259,"M","Hq",6
"3089",259,"M","hR",4
"3090",259,"M","HR",4
"3091",259,"M","hs",4
"3092",259,"M","Hs",4
"3093",259,"M","hx",4
"3094",259,"M","Hx",4
"3095",259,"M","hz",2
"3096",259,"M","Hz",6
"3097",259,"M","qq",14
"3098",259,"M","qR",4
"3099",259,"M","qs",4
"3100",259,"M","qx",4
"3101",259,"M","qz",4
"3102",259,"M","RR",14
"3103",259,"M","Rs",4
"3104",259,"M","Rx",3
"3105",259,"M","Rz",4
"3106",259,"M","ss",14
"3107",259,"M","sx",4
"3108",259,"M","sz",4
"3109",259,"M","xx",14
"3110",259,"M","xz",4
"3111",259,"M","zz",14
"3112",260,"F","AA",16
"3113",260,"F","Ah",4
"3114",260,"F","AH",4
"3115",260,"F","Aq",4
"3116",260,"F","AR",4
"3117",260,"F","As",4
"3118",260,"F","Ax",4
"3119",260,"F","Az",4
"3120",260,"F","hh",16
"3121",260,"F","hH",4
"3122",260,"F","HH",14
"3123",260,"F","hq",4
"3124",260,"F","Hq",4
"3125",260,"F","hR",2
"3126",260,"F","HR",6
"3127",260,"F","hs",4
"3128",260,"F","Hs",3
"3129",260,"F","hx",4
"3130",260,"F","Hx",4
"3131",260,"F","hz",2
"3132",260,"F","Hz",5
"3133",260,"F","qq",16
"3134",260,"F","qR",4
"3135",260,"F","qs",4
"3136",260,"F","qx",4
"3137",260,"F","qz",4
"3138",260,"F","RR",16
"3139",260,"F","Rs",4
"3140",260,"F","Rx",4
"3141",260,"F","Rz",4
"3142",260,"F","ss",14
"3143",260,"F","sx",4
"3144",260,"F","sz",4
"3145",260,"F","xx",16
"3146",260,"F","xz",4
"3147",260,"F","zz",14
"3148",260,"I","AA",12
"3149",260,"I","Ah",4
"3150",260,"I","AH",4
"3151",260,"I","Aq",4
"3152",260,"I","AR",4
"3153",260,"I","As",4
"3154",260,"I","Ax",4
"3155",260,"I","Az",2
"3156",260,"I","hh",12
"3157",260,"I","hH",4
"3158",260,"I","HH",14
"3159",260,"I","hq",2
"3160",260,"I","Hq",6
"3161",260,"I","hR",3
"3162",260,"I","HR",4
"3163",260,"I","hs",4
"3164",260,"I","Hs",4
"3165",260,"I","hx",4
"3166",260,"I","Hx",4
"3167",260,"I","qq",12
"3168",260,"I","qR",4
"3169",260,"I","qs",4
"3170",260,"I","qx",4
"3171",260,"I","RR",11
"3172",260,"I","Rs",4
"3173",260,"I","Rx",4
"3174",260,"I","ss",14
"3175",260,"I","sx",4
"3176",260,"I","xx",12
"3177",260,"M","AA",14
"3178",260,"M","Ah",4
"3179",260,"M","AH",4
"3180",260,"M","Aq",4
"3181",260,"M","AR",4
"3182",260,"M","As",4
"3183",260,"M","Ax",4
"3184",260,"M","Az",4
"3185",260,"M","hh",14
"3186",260,"M","hH",4
"3187",260,"M","HH",14
"3188",260,"M","hq",2
"3189",260,"M","Hq",6
"3190",260,"M","hR",4
"3191",260,"M","HR",3
"3192",260,"M","hs",4
"3193",260,"M","Hs",4
"3194",260,"M","hx",4
"3195",260,"M","Hx",4
"3196",260,"M","hz",2
"3197",260,"M","Hz",6
"3198",260,"M","qq",13
"3199",260,"M","qR",4
"3200",260,"M","qs",4
"3201",260,"M","qx",4
"3202",260,"M","qz",4
"3203",260,"M","RR",14
"3204",260,"M","Rs",4
"3205",260,"M","Rx",3
"3206",260,"M","Rz",4
"3207",260,"M","ss",13
"3208",260,"M","sx",4
"3209",260,"M","sz",4
"3210",260,"M","xx",14
"3211",260,"M","xz",4
"3212",260,"M","zz",14
"3213",261,"F","AA",16
"3214",261,"F","Ah",4
"3215",261,"F","AH",4
"3216",261,"F","Aq",4
"3217",261,"F","AR",4
"3218",261,"F","As",4
"3219",261,"F","Ax",4
"3220",261,"F","Az",3
"3221",261,"F","hh",16
"3222",261,"F","hH",4
"3223",261,"F","HH",13
"3224",261,"F","hq",4
"3225",261,"F","Hq",4
"3226",261,"F","hR",2
"3227",261,"F","HR",6
"3228",261,"F","hs",4
"3229",261,"F","Hs",4
"3230",261,"F","hx",4
"3231",261,"F","Hx",4
"3232",261,"F","hz",2
"3233",261,"F","Hz",6
"3234",261,"F","qq",16
"3235",261,"F","qR",4
"3236",261,"F","qs",4
"3237",261,"F","qx",4
"3238",261,"F","qz",4
"3239",261,"F","RR",16
"3240",261,"F","Rs",4
"3241",261,"F","Rx",4
"3242",261,"F","Rz",3
"3243",261,"F","ss",14
"3244",261,"F","sx",4
"3245",261,"F","sz",4
"3246",261,"F","xx",16
"3247",261,"F","xz",4
"3248",261,"F","zz",14
"3249",261,"I","AA",12
"3250",261,"I","Ah",4
"3251",261,"I","AH",4
"3252",261,"I","Aq",4
"3253",261,"I","AR",4
"3254",261,"I","As",4
"3255",261,"I","Ax",4
"3256",261,"I","Az",2
"3257",261,"I","hh",12
"3258",261,"I","hH",4
"3259",261,"I","HH",13
"3260",261,"I","hq",2
"3261",261,"I","Hq",6
"3262",261,"I","hR",4
"3263",261,"I","HR",4
"3264",261,"I","hs",4
"3265",261,"I","Hs",4
"3266",261,"I","hx",4
"3267",261,"I","Hx",4
"3268",261,"I","qq",12
"3269",261,"I","qR",4
"3270",261,"I","qs",4
"3271",261,"I","qx",4
"3272",261,"I","RR",12
"3273",261,"I","Rs",3
"3274",261,"I","Rx",4
"3275",261,"I","ss",14
"3276",261,"I","sx",4
"3277",261,"I","xx",12
"3278",261,"M","AA",13
"3279",261,"M","Ah",4
"3280",261,"M","AH",4
"3281",261,"M","Aq",4
"3282",261,"M","AR",4
"3283",261,"M","As",4
"3284",261,"M","Ax",4
"3285",261,"M","Az",4
"3286",261,"M","hh",14
"3287",261,"M","hH",4
"3288",261,"M","HH",13
"3289",261,"M","hq",2
"3290",261,"M","Hq",6
"3291",261,"M","hR",4
"3292",261,"M","HR",4
"3293",261,"M","hs",4
"3294",261,"M","Hs",4
"3295",261,"M","hx",4
"3296",261,"M","Hx",4
"3297",261,"M","hz",2
"3298",261,"M","Hz",6
"3299",261,"M","qq",14
"3300",261,"M","qR",4
"3301",261,"M","qs",4
"3302",261,"M","qx",4
"3303",261,"M","qz",4
"3304",261,"M","RR",14
"3305",261,"M","Rs",4
"3306",261,"M","Rx",3
"3307",261,"M","Rz",4
"3308",261,"M","ss",14
"3309",261,"M","sx",4
"3310",261,"M","sz",4
"3311",261,"M","xx",14
"3312",261,"M","xz",4
"3313",261,"M","zz",14
"3314",262,"F","AA",16
"3315",262,"F","Ah",4
"3316",262,"F","AH",4
"3317",262,"F","Aq",4
"3318",262,"F","AR",4
"3319",262,"F","As",4
"3320",262,"F","Ax",4
"3321",262,"F","Az",4
"3322",262,"F","hh",16
"3323",262,"F","hH",4
"3324",262,"F","HH",14
"3325",262,"F","hq",4
"3326",262,"F","Hq",4
"3327",262,"F","hR",2
"3328",262,"F","HR",6
"3329",262,"F","hs",4
"3330",262,"F","Hs",4
"3331",262,"F","hx",4
"3332",262,"F","Hx",4
"3333",262,"F","hz",2
"3334",262,"F","Hz",6
"3335",262,"F","qq",16
"3336",262,"F","qR",4
"3337",262,"F","qs",4
"3338",262,"F","qx",4
"3339",262,"F","qz",4
"3340",262,"F","RR",16
"3341",262,"F","Rs",4
"3342",262,"F","Rx",4
"3343",262,"F","Rz",4
"3344",262,"F","ss",14
"3345",262,"F","sx",4
"3346",262,"F","sz",4
"3347",262,"F","xx",16
"3348",262,"F","xz",4
"3349",262,"F","zz",14
"3350",262,"I","AA",12
"3351",262,"I","Ah",4
"3352",262,"I","AH",4
"3353",262,"I","Aq",4
"3354",262,"I","AR",4
"3355",262,"I","As",4
"3356",262,"I","Ax",4
"3357",262,"I","Az",4
"3358",262,"I","hh",12
"3359",262,"I","hH",4
"3360",262,"I","HH",14
"3361",262,"I","hq",2
"3362",262,"I","Hq",6
"3363",262,"I","hR",4
"3364",262,"I","HR",4
"3365",262,"I","hs",4
"3366",262,"I","Hs",4
"3367",262,"I","hx",4
"3368",262,"I","Hx",4
"3369",262,"I","hz",2
"3370",262,"I","Hz",6
"3371",262,"I","qq",12
"3372",262,"I","qR",4
"3373",262,"I","qs",4
"3374",262,"I","qx",4
"3375",262,"I","qz",4
"3376",262,"I","RR",12
"3377",262,"I","Rs",4
"3378",262,"I","Rx",4
"3379",262,"I","Rz",4
"3380",262,"I","ss",14
"3381",262,"I","sx",4
"3382",262,"I","sz",4
"3383",262,"I","xx",12
"3384",262,"I","xz",4
"3385",262,"I","zz",14
"3386",262,"M","AA",14
"3387",262,"M","Ah",4
"3388",262,"M","AH",4
"3389",262,"M","Aq",4
"3390",262,"M","AR",4
"3391",262,"M","As",4
"3392",262,"M","Ax",4
"3393",262,"M","Az",4
"3394",262,"M","hh",14
"3395",262,"M","hH",4
"3396",262,"M","HH",14
"3397",262,"M","hq",2
"3398",262,"M","Hq",6
"3399",262,"M","hR",4
"3400",262,"M","HR",4
"3401",262,"M","hs",4
"3402",262,"M","Hs",4
"3403",262,"M","hx",4
"3404",262,"M","Hx",4
"3405",262,"M","hz",2
"3406",262,"M","Hz",6
"3407",262,"M","qq",14
"3408",262,"M","qR",4
"3409",262,"M","qs",4
"3410",262,"M","qx",4
"3411",262,"M","qz",4
"3412",262,"M","RR",14
"3413",262,"M","Rs",4
"3414",262,"M","Rx",4
"3415",262,"M","Rz",4
"3416",262,"M","ss",14
"3417",262,"M","sx",4
"3418",262,"M","sz",4
"3419",262,"M","xx",14
"3420",262,"M","xz",4
"3421",262,"M","zz",14
